ProductKey	ProductAlternateKey	Category	SubCategory	Product_Name	Product_Style	Product_Color	Product_Size	ModelName	Product_Status
1	AR-5381	NULL	NULL	Adjustable Race	NULL	NA	NULL	NULL	Current
2	BA-8327	NULL	NULL	Bearing Ball	NULL	NA	NULL	NULL	Current
3	BE-2349	NULL	NULL	BB Ball Bearing	NULL	NA	NULL	NULL	Current
4	BE-2908	NULL	NULL	Headset Ball Bearings	NULL	NA	NULL	NULL	Current
5	BL-2036	NULL	NULL	Blade	NULL	NA	NULL	NULL	Current
6	CA-5965	NULL	NULL	LL Crankarm	NULL	Black	NULL	NULL	Current
7	CA-6738	NULL	NULL	ML Crankarm	NULL	Black	NULL	NULL	Current
8	CA-7457	NULL	NULL	HL Crankarm	NULL	Black	NULL	NULL	Current
9	CB-2903	NULL	NULL	Chainring Bolts	NULL	Silver	NULL	NULL	Current
10	CN-6137	NULL	NULL	Chainring Nut	NULL	Silver	NULL	NULL	Current
11	CR-7833	NULL	NULL	Chainring	NULL	Black	NULL	NULL	Current
12	CR-9981	NULL	NULL	Crown Race	NULL	NA	NULL	NULL	Current
13	CS-2812	NULL	NULL	Chain Stays	NULL	NA	NULL	NULL	Current
14	DC-8732	NULL	NULL	Decal 1	NULL	NA	NULL	NULL	Current
15	DC-9824	NULL	NULL	Decal 2	NULL	NA	NULL	NULL	Current
16	DT-2377	NULL	NULL	Down Tube	NULL	NA	NULL	NULL	Current
17	EC-M092	NULL	NULL	Mountain End Caps	NULL	NA	NULL	NULL	Current
18	EC-R098	NULL	NULL	Road End Caps	NULL	NA	NULL	NULL	Current
19	EC-T209	NULL	NULL	Touring End Caps	NULL	NA	NULL	NULL	Current
20	FE-3760	NULL	NULL	Fork End	NULL	NA	NULL	NULL	Current
21	FH-2981	NULL	NULL	Freewheel	NULL	Silver	NULL	NULL	Current
22	FW-1000	NULL	NULL	Flat Washer 1	NULL	NA	NULL	NULL	Current
23	FW-1200	NULL	NULL	Flat Washer 6	NULL	NA	NULL	NULL	Current
24	FW-1400	NULL	NULL	Flat Washer 2	NULL	NA	NULL	NULL	Current
25	FW-3400	NULL	NULL	Flat Washer 9	NULL	NA	NULL	NULL	Current
26	FW-3800	NULL	NULL	Flat Washer 4	NULL	NA	NULL	NULL	Current
27	FW-5160	NULL	NULL	Flat Washer 3	NULL	NA	NULL	NULL	Current
28	FW-5800	NULL	NULL	Flat Washer 8	NULL	NA	NULL	NULL	Current
29	FW-7160	NULL	NULL	Flat Washer 5	NULL	NA	NULL	NULL	Current
30	FW-9160	NULL	NULL	Flat Washer 7	NULL	NA	NULL	NULL	Current
31	FC-3654	NULL	NULL	Fork Crown	NULL	NA	NULL	NULL	Current
32	FC-3982	NULL	NULL	Front Derailleur Cage	NULL	Silver	NULL	NULL	Current
33	FL-2301	NULL	NULL	Front Derailleur Linkage	NULL	Silver	NULL	NULL	Current
34	GP-0982	NULL	NULL	Guide Pulley	NULL	NA	NULL	NULL	Current
35	GT-0820	NULL	NULL	LL Grip Tape	NULL	NA	NULL	NULL	Current
36	GT-1209	NULL	NULL	ML Grip Tape	NULL	NA	NULL	NULL	Current
37	GT-2908	NULL	NULL	HL Grip Tape	NULL	NA	NULL	NULL	Current
38	HJ-1213	NULL	NULL	Thin-Jam Hex Nut 9	NULL	NA	NULL	NULL	Current
39	HJ-1220	NULL	NULL	Thin-Jam Hex Nut 10	NULL	NA	NULL	NULL	Current
40	HJ-1420	NULL	NULL	Thin-Jam Hex Nut 1	NULL	NA	NULL	NULL	Current
41	HJ-1428	NULL	NULL	Thin-Jam Hex Nut 2	NULL	NA	NULL	NULL	Current
42	HJ-3410	NULL	NULL	Thin-Jam Hex Nut 15	NULL	NA	NULL	NULL	Current
43	HJ-3416	NULL	NULL	Thin-Jam Hex Nut 16	NULL	NA	NULL	NULL	Current
44	HJ-3816	NULL	NULL	Thin-Jam Hex Nut 5	NULL	NA	NULL	NULL	Current
45	HJ-3824	NULL	NULL	Thin-Jam Hex Nut 6	NULL	NA	NULL	NULL	Current
46	HJ-5161	NULL	NULL	Thin-Jam Hex Nut 3	NULL	NA	NULL	NULL	Current
47	HJ-5162	NULL	NULL	Thin-Jam Hex Nut 4	NULL	NA	NULL	NULL	Current
48	HJ-5811	NULL	NULL	Thin-Jam Hex Nut 13	NULL	NA	NULL	NULL	Current
49	HJ-5818	NULL	NULL	Thin-Jam Hex Nut 14	NULL	NA	NULL	NULL	Current
50	HJ-7161	NULL	NULL	Thin-Jam Hex Nut 7	NULL	NA	NULL	NULL	Current
51	HJ-7162	NULL	NULL	Thin-Jam Hex Nut 8	NULL	NA	NULL	NULL	Current
52	HJ-9080	NULL	NULL	Thin-Jam Hex Nut 12	NULL	NA	NULL	NULL	Current
53	HJ-9161	NULL	NULL	Thin-Jam Hex Nut 11	NULL	NA	NULL	NULL	Current
54	HN-1024	NULL	NULL	Hex Nut 5	NULL	NA	NULL	NULL	Current
55	HN-1032	NULL	NULL	Hex Nut 6	NULL	NA	NULL	NULL	Current
56	HN-1213	NULL	NULL	Hex Nut 16	NULL	NA	NULL	NULL	Current
57	HN-1220	NULL	NULL	Hex Nut 17	NULL	NA	NULL	NULL	Current
58	HN-1224	NULL	NULL	Hex Nut 7	NULL	NA	NULL	NULL	Current
59	HN-1420	NULL	NULL	Hex Nut 8	NULL	NA	NULL	NULL	Current
60	HN-1428	NULL	NULL	Hex Nut 9	NULL	NA	NULL	NULL	Current
61	HN-3410	NULL	NULL	Hex Nut 22	NULL	NA	NULL	NULL	Current
62	HN-3416	NULL	NULL	Hex Nut 23	NULL	NA	NULL	NULL	Current
63	HN-3816	NULL	NULL	Hex Nut 12	NULL	NA	NULL	NULL	Current
64	HN-3824	NULL	NULL	Hex Nut 13	NULL	NA	NULL	NULL	Current
65	HN-4402	NULL	NULL	Hex Nut 1	NULL	NA	NULL	NULL	Current
66	HN-5161	NULL	NULL	Hex Nut 10	NULL	NA	NULL	NULL	Current
67	HN-5162	NULL	NULL	Hex Nut 11	NULL	NA	NULL	NULL	Current
68	HN-5400	NULL	NULL	Hex Nut 2	NULL	NA	NULL	NULL	Current
69	HN-5811	NULL	NULL	Hex Nut 20	NULL	NA	NULL	NULL	Current
70	HN-5818	NULL	NULL	Hex Nut 21	NULL	NA	NULL	NULL	Current
71	HN-6320	NULL	NULL	Hex Nut 3	NULL	NA	NULL	NULL	Current
72	HN-7161	NULL	NULL	Hex Nut 14	NULL	NA	NULL	NULL	Current
73	HN-7162	NULL	NULL	Hex Nut 15	NULL	NA	NULL	NULL	Current
74	HN-8320	NULL	NULL	Hex Nut 4	NULL	NA	NULL	NULL	Current
75	HN-9161	NULL	NULL	Hex Nut 18	NULL	NA	NULL	NULL	Current
76	HN-9168	NULL	NULL	Hex Nut 19	NULL	NA	NULL	NULL	Current
77	HT-2981	NULL	NULL	Handlebar Tube	NULL	NA	NULL	NULL	Current
78	HT-8019	NULL	NULL	Head Tube	NULL	NA	NULL	NULL	Current
79	HU-6280	NULL	NULL	LL Hub	NULL	NA	NULL	NULL	Current
80	HU-8998	NULL	NULL	HL Hub	NULL	NA	NULL	NULL	Current
81	KW-4091	NULL	NULL	Keyed Washer	NULL	NA	NULL	NULL	Current
82	LE-1000	NULL	NULL	External Lock Washer 3	NULL	NA	NULL	NULL	Current
83	LE-1200	NULL	NULL	External Lock Washer 4	NULL	NA	NULL	NULL	Current
84	LE-1201	NULL	NULL	External Lock Washer 9	NULL	NA	NULL	NULL	Current
85	LE-1400	NULL	NULL	External Lock Washer 5	NULL	NA	NULL	NULL	Current
86	LE-3800	NULL	NULL	External Lock Washer 7	NULL	NA	NULL	NULL	Current
87	LE-5160	NULL	NULL	External Lock Washer 6	NULL	NA	NULL	NULL	Current
88	LE-6000	NULL	NULL	External Lock Washer 1	NULL	NA	NULL	NULL	Current
89	LE-7160	NULL	NULL	External Lock Washer 8	NULL	NA	NULL	NULL	Current
90	LE-8000	NULL	NULL	External Lock Washer 2	NULL	NA	NULL	NULL	Current
91	LI-1000	NULL	NULL	Internal Lock Washer 3	NULL	NA	NULL	NULL	Current
92	LI-1200	NULL	NULL	Internal Lock Washer 4	NULL	NA	NULL	NULL	Current
93	LI-1201	NULL	NULL	Internal Lock Washer 9	NULL	NA	NULL	NULL	Current
94	LI-1400	NULL	NULL	Internal Lock Washer 5	NULL	NA	NULL	NULL	Current
95	LI-3800	NULL	NULL	Internal Lock Washer 7	NULL	NA	NULL	NULL	Current
96	LI-5160	NULL	NULL	Internal Lock Washer 6	NULL	NA	NULL	NULL	Current
97	LI-5800	NULL	NULL	Internal Lock Washer 10	NULL	NA	NULL	NULL	Current
98	LI-6000	NULL	NULL	Internal Lock Washer 1	NULL	NA	NULL	NULL	Current
99	LI-7160	NULL	NULL	Internal Lock Washer 8	NULL	NA	NULL	NULL	Current
100	LI-8000	NULL	NULL	Internal Lock Washer 2	NULL	NA	NULL	NULL	Current
101	LJ-1213	NULL	NULL	Thin-Jam Lock Nut 9	NULL	NA	NULL	NULL	Current
102	LJ-1220	NULL	NULL	Thin-Jam Lock Nut 10	NULL	NA	NULL	NULL	Current
103	LJ-1420	NULL	NULL	Thin-Jam Lock Nut 1	NULL	NA	NULL	NULL	Current
104	LJ-1428	NULL	NULL	Thin-Jam Lock Nut 2	NULL	NA	NULL	NULL	Current
105	LJ-3410	NULL	NULL	Thin-Jam Lock Nut 15	NULL	NA	NULL	NULL	Current
106	LJ-3416	NULL	NULL	Thin-Jam Lock Nut 16	NULL	NA	NULL	NULL	Current
107	LJ-3816	NULL	NULL	Thin-Jam Lock Nut 5	NULL	NA	NULL	NULL	Current
108	LJ-3824	NULL	NULL	Thin-Jam Lock Nut 6	NULL	NA	NULL	NULL	Current
109	LJ-5161	NULL	NULL	Thin-Jam Lock Nut 3	NULL	NA	NULL	NULL	Current
110	LJ-5162	NULL	NULL	Thin-Jam Lock Nut 4	NULL	NA	NULL	NULL	Current
111	LJ-5811	NULL	NULL	Thin-Jam Lock Nut 13	NULL	NA	NULL	NULL	Current
112	LJ-5818	NULL	NULL	Thin-Jam Lock Nut 14	NULL	NA	NULL	NULL	Current
113	LJ-7161	NULL	NULL	Thin-Jam Lock Nut 7	NULL	NA	NULL	NULL	Current
114	LJ-7162	NULL	NULL	Thin-Jam Lock Nut 8	NULL	NA	NULL	NULL	Current
115	LJ-9080	NULL	NULL	Thin-Jam Lock Nut 12	NULL	NA	NULL	NULL	Current
116	LJ-9161	NULL	NULL	Thin-Jam Lock Nut 11	NULL	NA	NULL	NULL	Current
117	LN-1024	NULL	NULL	Lock Nut 5	NULL	NA	NULL	NULL	Current
118	LN-1032	NULL	NULL	Lock Nut 6	NULL	NA	NULL	NULL	Current
119	LN-1213	NULL	NULL	Lock Nut 16	NULL	NA	NULL	NULL	Current
120	LN-1220	NULL	NULL	Lock Nut 17	NULL	NA	NULL	NULL	Current
121	LN-1224	NULL	NULL	Lock Nut 7	NULL	NA	NULL	NULL	Current
122	LN-1420	NULL	NULL	Lock Nut 8	NULL	NA	NULL	NULL	Current
123	LN-1428	NULL	NULL	Lock Nut 9	NULL	NA	NULL	NULL	Current
124	LN-3410	NULL	NULL	Lock Nut 22	NULL	NA	NULL	NULL	Current
125	LN-3416	NULL	NULL	Lock Nut 23	NULL	NA	NULL	NULL	Current
126	LN-3816	NULL	NULL	Lock Nut 12	NULL	NA	NULL	NULL	Current
127	LN-3824	NULL	NULL	Lock Nut 13	NULL	NA	NULL	NULL	Current
128	LN-4400	NULL	NULL	Lock Nut 1	NULL	NA	NULL	NULL	Current
129	LN-5161	NULL	NULL	Lock Nut 10	NULL	NA	NULL	NULL	Current
130	LN-5162	NULL	NULL	Lock Nut 11	NULL	NA	NULL	NULL	Current
131	LN-5400	NULL	NULL	Lock Nut 2	NULL	NA	NULL	NULL	Current
132	LN-5811	NULL	NULL	Lock Nut 20	NULL	NA	NULL	NULL	Current
133	LN-5818	NULL	NULL	Lock Nut 21	NULL	NA	NULL	NULL	Current
134	LN-6320	NULL	NULL	Lock Nut 3	NULL	NA	NULL	NULL	Current
135	LN-7161	NULL	NULL	Lock Nut 14	NULL	NA	NULL	NULL	Current
136	LN-7162	NULL	NULL	Lock Nut 15	NULL	NA	NULL	NULL	Current
137	LN-8320	NULL	NULL	Lock Nut 4	NULL	NA	NULL	NULL	Current
138	LN-9080	NULL	NULL	Lock Nut 19	NULL	NA	NULL	NULL	Current
139	LN-9161	NULL	NULL	Lock Nut 18	NULL	NA	NULL	NULL	Current
140	LR-2398	NULL	NULL	Lock Ring	NULL	Silver	NULL	NULL	Current
141	LR-8520	NULL	NULL	Lower Head Race	NULL	NA	NULL	NULL	Current
142	LW-1000	NULL	NULL	Lock Washer 4	NULL	NA	NULL	NULL	Current
143	LW-1200	NULL	NULL	Lock Washer 5	NULL	NA	NULL	NULL	Current
144	LW-1201	NULL	NULL	Lock Washer 10	NULL	NA	NULL	NULL	Current
145	LW-1400	NULL	NULL	Lock Washer 6	NULL	NA	NULL	NULL	Current
146	LW-3400	NULL	NULL	Lock Washer 13	NULL	NA	NULL	NULL	Current
147	LW-3800	NULL	NULL	Lock Washer 8	NULL	NA	NULL	NULL	Current
148	LW-4000	NULL	NULL	Lock Washer 1	NULL	NA	NULL	NULL	Current
149	LW-5160	NULL	NULL	Lock Washer 7	NULL	NA	NULL	NULL	Current
150	LW-5800	NULL	NULL	Lock Washer 12	NULL	NA	NULL	NULL	Current
151	LW-6000	NULL	NULL	Lock Washer 2	NULL	NA	NULL	NULL	Current
152	LW-7160	NULL	NULL	Lock Washer 9	NULL	NA	NULL	NULL	Current
153	LW-8000	NULL	NULL	Lock Washer 3	NULL	NA	NULL	NULL	Current
154	LW-9160	NULL	NULL	Lock Washer 11	NULL	NA	NULL	NULL	Current
155	MA-7075	NULL	NULL	Metal Angle	NULL	NA	NULL	NULL	Current
156	MB-2024	NULL	NULL	Metal Bar 1	NULL	NA	NULL	NULL	Current
157	MB-6061	NULL	NULL	Metal Bar 2	NULL	NA	NULL	NULL	Current
158	MP-2066	NULL	NULL	Metal Plate 2	NULL	NA	NULL	NULL	Current
159	MP-2503	NULL	NULL	Metal Plate 1	NULL	NA	NULL	NULL	Current
160	MP-4960	NULL	NULL	Metal Plate 3	NULL	NA	NULL	NULL	Current
161	MS-0253	NULL	NULL	Metal Sheet 2	NULL	NA	NULL	NULL	Current
162	MS-1256	NULL	NULL	Metal Sheet 3	NULL	NA	NULL	NULL	Current
163	MS-1981	NULL	NULL	Metal Sheet 7	NULL	NA	NULL	NULL	Current
164	MS-2259	NULL	NULL	Metal Sheet 4	NULL	NA	NULL	NULL	Current
165	MS-2341	NULL	NULL	Metal Sheet 5	NULL	NA	NULL	NULL	Current
166	MS-2348	NULL	NULL	Metal Sheet 6	NULL	NA	NULL	NULL	Current
167	MS-6061	NULL	NULL	Metal Sheet 1	NULL	NA	NULL	NULL	Current
168	MT-1000	NULL	NULL	Metal Tread Plate	NULL	NA	NULL	NULL	Current
169	NI-4127	NULL	NULL	LL Nipple	NULL	NA	NULL	NULL	Current
170	NI-9522	NULL	NULL	HL Nipple	NULL	NA	NULL	NULL	Current
171	PA-187B	NULL	NULL	Paint - Black	NULL	NA	NULL	NULL	Current
172	PA-361R	NULL	NULL	Paint - Red	NULL	NA	NULL	NULL	Current
173	PA-529S	NULL	NULL	Paint - Silver	NULL	NA	NULL	NULL	Current
174	PA-632U	NULL	NULL	Paint - Blue	NULL	NA	NULL	NULL	Current
175	PA-823Y	NULL	NULL	Paint - Yellow	NULL	NA	NULL	NULL	Current
176	PB-6109	NULL	NULL	Pinch Bolt	NULL	NA	NULL	NULL	Current
177	RA-2345	NULL	NULL	Cup-Shaped Race	NULL	NA	NULL	NULL	Current
178	RA-7490	NULL	NULL	Cone-Shaped Race	NULL	NA	NULL	NULL	Current
179	RF-9198	NULL	NULL	Reflector	NULL	NA	NULL	NULL	Current
180	RM-M464	NULL	NULL	LL Mountain Rim	NULL	NA	NULL	NULL	Current
181	RM-M692	NULL	NULL	ML Mountain Rim	NULL	NA	NULL	NULL	Current
182	RM-M823	NULL	NULL	HL Mountain Rim	NULL	NA	NULL	NULL	Current
183	RM-R436	NULL	NULL	LL Road Rim	NULL	NA	NULL	NULL	Current
184	RM-R600	NULL	NULL	ML Road Rim	NULL	NA	NULL	NULL	Current
185	RM-R800	NULL	NULL	HL Road Rim	NULL	NA	NULL	NULL	Current
186	RM-T801	NULL	NULL	Touring Rim	NULL	NA	NULL	NULL	Current
187	SA-M198	NULL	NULL	LL Mountain Seat Assembly	NULL	NA	NULL	NULL	Current
188	SA-M237	NULL	NULL	ML Mountain Seat Assembly	NULL	NA	NULL	NULL	Current
189	SA-M687	NULL	NULL	HL Mountain Seat Assembly	NULL	NA	NULL	NULL	Current
190	SA-R127	NULL	NULL	LL Road Seat Assembly	NULL	NA	NULL	NULL	Current
191	SA-R430	NULL	NULL	ML Road Seat Assembly	NULL	NA	NULL	NULL	Current
192	SA-R522	NULL	NULL	HL Road Seat Assembly	NULL	NA	NULL	NULL	Current
193	SA-T467	NULL	NULL	LL Touring Seat Assembly	NULL	NA	NULL	NULL	Current
194	SA-T612	NULL	NULL	ML Touring Seat Assembly	NULL	NA	NULL	NULL	Current
195	SA-T872	NULL	NULL	HL Touring Seat Assembly	NULL	NA	NULL	NULL	Current
196	SD-2342	NULL	NULL	LL Spindle/Axle	NULL	NA	NULL	NULL	Current
197	SD-9872	NULL	NULL	HL Spindle/Axle	NULL	NA	NULL	NULL	Current
198	SH-4562	NULL	NULL	LL Shell	NULL	NA	NULL	NULL	Current
199	SH-9312	NULL	NULL	HL Shell	NULL	NA	NULL	NULL	Current
200	SK-9283	NULL	NULL	Spokes	NULL	NA	NULL	NULL	Current
201	SL-0931	NULL	NULL	Seat Lug	NULL	NA	NULL	NULL	Current
202	SM-9087	NULL	NULL	Stem	NULL	NA	NULL	NULL	Current
203	SP-2981	NULL	NULL	Seat Post	NULL	NA	NULL	NULL	Current
204	SR-2098	NULL	NULL	Steerer	NULL	NA	NULL	NULL	Current
205	SS-2985	NULL	NULL	Seat Stays	NULL	NA	NULL	NULL	Current
206	ST-9828	NULL	NULL	Seat Tube	NULL	NA	NULL	NULL	Current
207	TO-2301	NULL	NULL	Top Tube	NULL	NA	NULL	NULL	Current
208	TP-0923	NULL	NULL	Tension Pulley	NULL	NA	NULL	NULL	Current
209	RC-0291	NULL	NULL	Rear Derailleur Cage	NULL	Silver	NULL	NULL	Current
210	FR-R92B-58	Components	Road Frames	"HL Road Frame - Black, 58"	U 	Black	58	HL Road Frame	Current
211	FR-R92R-58	Components	Road Frames	"HL Road Frame - Red, 58"	U 	Red	58	HL Road Frame	Current
212	HL-U509-R	Accessories	Helmets	"Sport-100 Helmet, Red"	NULL	Red	NULL	Sport-100	outdate
213	HL-U509-R	Accessories	Helmets	"Sport-100 Helmet, Red"	NULL	Red	NULL	Sport-100	outdate
214	HL-U509-R	Accessories	Helmets	"Sport-100 Helmet, Red"	NULL	Red	NULL	Sport-100	Current
215	HL-U509	Accessories	Helmets	"Sport-100 Helmet, Black"	NULL	Black	NULL	Sport-100	outdate
216	HL-U509	Accessories	Helmets	"Sport-100 Helmet, Black"	NULL	Black	NULL	Sport-100	outdate
217	HL-U509	Accessories	Helmets	"Sport-100 Helmet, Black"	NULL	Black	NULL	Sport-100	Current
218	SO-B909-M	Clothing	Socks	"Mountain Bike Socks, M"	U 	White	M	Mountain Bike Socks	outdate
219	SO-B909-L	Clothing	Socks	"Mountain Bike Socks, L"	U 	White	L	Mountain Bike Socks	outdate
220	HL-U509-B	Accessories	Helmets	"Sport-100 Helmet, Blue"	NULL	Blue	NULL	Sport-100	outdate
221	HL-U509-B	Accessories	Helmets	"Sport-100 Helmet, Blue"	NULL	Blue	NULL	Sport-100	outdate
222	HL-U509-B	Accessories	Helmets	"Sport-100 Helmet, Blue"	NULL	Blue	NULL	Sport-100	Current
223	CA-1098	Clothing	Caps	AWC Logo Cap	U 	Multi	NULL	Cycling Cap	outdate
224	CA-1098	Clothing	Caps	AWC Logo Cap	U 	Multi	NULL	Cycling Cap	outdate
225	CA-1098	Clothing	Caps	AWC Logo Cap	U 	Multi	NULL	Cycling Cap	Current
226	LJ-0192-S	Clothing	Jerseys	"Long-Sleeve Logo Jersey, S"	U 	Multi	S	Long-Sleeve Logo Jersey	outdate
227	LJ-0192-S	Clothing	Jerseys	"Long-Sleeve Logo Jersey, S"	U 	Multi	S	Long-Sleeve Logo Jersey	outdate
228	LJ-0192-S	Clothing	Jerseys	"Long-Sleeve Logo Jersey, S"	U 	Multi	S	Long-Sleeve Logo Jersey	Current
229	LJ-0192-M	Clothing	Jerseys	"Long-Sleeve Logo Jersey, M"	U 	Multi	M	Long-Sleeve Logo Jersey	outdate
230	LJ-0192-M	Clothing	Jerseys	"Long-Sleeve Logo Jersey, M"	U 	Multi	M	Long-Sleeve Logo Jersey	outdate
231	LJ-0192-M	Clothing	Jerseys	"Long-Sleeve Logo Jersey, M"	U 	Multi	M	Long-Sleeve Logo Jersey	Current
232	LJ-0192-L	Clothing	Jerseys	"Long-Sleeve Logo Jersey, L"	U 	Multi	L	Long-Sleeve Logo Jersey	outdate
233	LJ-0192-L	Clothing	Jerseys	"Long-Sleeve Logo Jersey, L"	U 	Multi	L	Long-Sleeve Logo Jersey	outdate
234	LJ-0192-L	Clothing	Jerseys	"Long-Sleeve Logo Jersey, L"	U 	Multi	L	Long-Sleeve Logo Jersey	Current
235	LJ-0192-X	Clothing	Jerseys	"Long-Sleeve Logo Jersey, XL"	U 	Multi	XL	Long-Sleeve Logo Jersey	outdate
236	LJ-0192-X	Clothing	Jerseys	"Long-Sleeve Logo Jersey, XL"	U 	Multi	XL	Long-Sleeve Logo Jersey	outdate
237	LJ-0192-X	Clothing	Jerseys	"Long-Sleeve Logo Jersey, XL"	U 	Multi	XL	Long-Sleeve Logo Jersey	Current
238	FR-R92R-62	Components	Road Frames	"HL Road Frame - Red, 62"	U 	Red	62	HL Road Frame	outdate
239	FR-R92R-62	Components	Road Frames	"HL Road Frame - Red, 62"	U 	Red	62	HL Road Frame	outdate
240	FR-R92R-62	Components	Road Frames	"HL Road Frame - Red, 62"	U 	Red	62	HL Road Frame	Current
241	FR-R92R-44	Components	Road Frames	"HL Road Frame - Red, 44"	U 	Red	44	HL Road Frame	outdate
242	FR-R92R-44	Components	Road Frames	"HL Road Frame - Red, 44"	U 	Red	44	HL Road Frame	outdate
243	FR-R92R-44	Components	Road Frames	"HL Road Frame - Red, 44"	U 	Red	44	HL Road Frame	Current
244	FR-R92R-48	Components	Road Frames	"HL Road Frame - Red, 48"	U 	Red	48	HL Road Frame	outdate
245	FR-R92R-48	Components	Road Frames	"HL Road Frame - Red, 48"	U 	Red	48	HL Road Frame	outdate
246	FR-R92R-48	Components	Road Frames	"HL Road Frame - Red, 48"	U 	Red	48	HL Road Frame	Current
247	FR-R92R-52	Components	Road Frames	"HL Road Frame - Red, 52"	U 	Red	52	HL Road Frame	outdate
248	FR-R92R-52	Components	Road Frames	"HL Road Frame - Red, 52"	U 	Red	52	HL Road Frame	outdate
249	FR-R92R-52	Components	Road Frames	"HL Road Frame - Red, 52"	U 	Red	52	HL Road Frame	Current
250	FR-R92R-56	Components	Road Frames	"HL Road Frame - Red, 56"	U 	Red	56	HL Road Frame	outdate
251	FR-R92R-56	Components	Road Frames	"HL Road Frame - Red, 56"	U 	Red	56	HL Road Frame	outdate
252	FR-R92R-56	Components	Road Frames	"HL Road Frame - Red, 56"	U 	Red	56	HL Road Frame	Current
253	FR-R38B-58	Components	Road Frames	"LL Road Frame - Black, 58"	U 	Black	58	LL Road Frame	outdate
254	FR-R38B-58	Components	Road Frames	"LL Road Frame - Black, 58"	U 	Black	58	LL Road Frame	outdate
255	FR-R38B-58	Components	Road Frames	"LL Road Frame - Black, 58"	U 	Black	58	LL Road Frame	Current
256	FR-R38B-60	Components	Road Frames	"LL Road Frame - Black, 60"	U 	Black	60	LL Road Frame	outdate
257	FR-R38B-60	Components	Road Frames	"LL Road Frame - Black, 60"	U 	Black	60	LL Road Frame	outdate
258	FR-R38B-60	Components	Road Frames	"LL Road Frame - Black, 60"	U 	Black	60	LL Road Frame	Current
259	FR-R38B-62	Components	Road Frames	"LL Road Frame - Black, 62"	U 	Black	62	LL Road Frame	outdate
260	FR-R38B-62	Components	Road Frames	"LL Road Frame - Black, 62"	U 	Black	62	LL Road Frame	outdate
261	FR-R38B-62	Components	Road Frames	"LL Road Frame - Black, 62"	U 	Black	62	LL Road Frame	Current
262	FR-R38R-44	Components	Road Frames	"LL Road Frame - Red, 44"	U 	Red	44	LL Road Frame	outdate
263	FR-R38R-44	Components	Road Frames	"LL Road Frame - Red, 44"	U 	Red	44	LL Road Frame	outdate
264	FR-R38R-48	Components	Road Frames	"LL Road Frame - Red, 48"	U 	Red	48	LL Road Frame	outdate
265	FR-R38R-48	Components	Road Frames	"LL Road Frame - Red, 48"	U 	Red	48	LL Road Frame	outdate
266	FR-R38R-52	Components	Road Frames	"LL Road Frame - Red, 52"	U 	Red	52	LL Road Frame	outdate
267	FR-R38R-52	Components	Road Frames	"LL Road Frame - Red, 52"	U 	Red	52	LL Road Frame	outdate
268	FR-R38R-58	Components	Road Frames	"LL Road Frame - Red, 58"	U 	Red	58	LL Road Frame	outdate
269	FR-R38R-58	Components	Road Frames	"LL Road Frame - Red, 58"	U 	Red	58	LL Road Frame	outdate
270	FR-R38R-60	Components	Road Frames	"LL Road Frame - Red, 60"	U 	Red	60	LL Road Frame	outdate
271	FR-R38R-60	Components	Road Frames	"LL Road Frame - Red, 60"	U 	Red	60	LL Road Frame	outdate
272	FR-R38R-62	Components	Road Frames	"LL Road Frame - Red, 62"	U 	Red	62	LL Road Frame	outdate
273	FR-R38R-62	Components	Road Frames	"LL Road Frame - Red, 62"	U 	Red	62	LL Road Frame	outdate
274	FR-R72R-44	Components	Road Frames	"ML Road Frame - Red, 44"	U 	Red	44	ML Road Frame	outdate
275	FR-R72R-48	Components	Road Frames	"ML Road Frame - Red, 48"	U 	Red	48	ML Road Frame	outdate
276	FR-R72R-52	Components	Road Frames	"ML Road Frame - Red, 52"	U 	Red	52	ML Road Frame	outdate
277	FR-R72R-58	Components	Road Frames	"ML Road Frame - Red, 58"	U 	Red	58	ML Road Frame	outdate
278	FR-R72R-60	Components	Road Frames	"ML Road Frame - Red, 60"	U 	Red	60	ML Road Frame	outdate
279	FR-R38B-44	Components	Road Frames	"LL Road Frame - Black, 44"	U 	Black	44	LL Road Frame	outdate
280	FR-R38B-44	Components	Road Frames	"LL Road Frame - Black, 44"	U 	Black	44	LL Road Frame	outdate
281	FR-R38B-44	Components	Road Frames	"LL Road Frame - Black, 44"	U 	Black	44	LL Road Frame	Current
282	FR-R38B-48	Components	Road Frames	"LL Road Frame - Black, 48"	U 	Black	48	LL Road Frame	outdate
283	FR-R38B-48	Components	Road Frames	"LL Road Frame - Black, 48"	U 	Black	48	LL Road Frame	outdate
284	FR-R38B-48	Components	Road Frames	"LL Road Frame - Black, 48"	U 	Black	48	LL Road Frame	Current
285	FR-R38B-52	Components	Road Frames	"LL Road Frame - Black, 52"	U 	Black	52	LL Road Frame	outdate
286	FR-R38B-52	Components	Road Frames	"LL Road Frame - Black, 52"	U 	Black	52	LL Road Frame	outdate
287	FR-R38B-52	Components	Road Frames	"LL Road Frame - Black, 52"	U 	Black	52	LL Road Frame	Current
288	FR-M94S-42	Components	Mountain Frames	"HL Mountain Frame - Silver, 42"	U 	Silver	42	HL Mountain Frame	outdate
289	FR-M94S-42	Components	Mountain Frames	"HL Mountain Frame - Silver, 42"	U 	Silver	42	HL Mountain Frame	outdate
290	FR-M94S-42	Components	Mountain Frames	"HL Mountain Frame - Silver, 42"	U 	Silver	42	HL Mountain Frame	Current
291	FR-M94S-44	Components	Mountain Frames	"HL Mountain Frame - Silver, 44"	U 	Silver	44	HL Mountain Frame	outdate
292	FR-M94S-52	Components	Mountain Frames	"HL Mountain Frame - Silver, 48"	U 	Silver	48	HL Mountain Frame	outdate
293	FR-M94S-46	Components	Mountain Frames	"HL Mountain Frame - Silver, 46"	U 	Silver	46	HL Mountain Frame	outdate
294	FR-M94S-46	Components	Mountain Frames	"HL Mountain Frame - Silver, 46"	U 	Silver	46	HL Mountain Frame	outdate
295	FR-M94S-46	Components	Mountain Frames	"HL Mountain Frame - Silver, 46"	U 	Silver	46	HL Mountain Frame	Current
296	FR-M94B-42	Components	Mountain Frames	"HL Mountain Frame - Black, 42"	U 	Black	42	HL Mountain Frame	outdate
297	FR-M94B-42	Components	Mountain Frames	"HL Mountain Frame - Black, 42"	U 	Black	42	HL Mountain Frame	outdate
298	FR-M94B-42	Components	Mountain Frames	"HL Mountain Frame - Black, 42"	U 	Black	42	HL Mountain Frame	Current
299	FR-M94B-44	Components	Mountain Frames	"HL Mountain Frame - Black, 44"	U 	Black	44	HL Mountain Frame	outdate
300	FR-M94B-48	Components	Mountain Frames	"HL Mountain Frame - Black, 48"	U 	Black	48	HL Mountain Frame	outdate
301	FR-M94B-46	Components	Mountain Frames	"HL Mountain Frame - Black, 46"	U 	Black	46	HL Mountain Frame	outdate
302	FR-M94B-46	Components	Mountain Frames	"HL Mountain Frame - Black, 46"	U 	Black	46	HL Mountain Frame	outdate
303	FR-M94B-46	Components	Mountain Frames	"HL Mountain Frame - Black, 46"	U 	Black	46	HL Mountain Frame	Current
304	FR-M94B-38	Components	Mountain Frames	"HL Mountain Frame - Black, 38"	U 	Black	38	HL Mountain Frame	outdate
305	FR-M94B-38	Components	Mountain Frames	"HL Mountain Frame - Black, 38"	U 	Black	38	HL Mountain Frame	outdate
306	FR-M94B-38	Components	Mountain Frames	"HL Mountain Frame - Black, 38"	U 	Black	38	HL Mountain Frame	Current
307	FR-M94S-38	Components	Mountain Frames	"HL Mountain Frame - Silver, 38"	U 	Silver	38	HL Mountain Frame	outdate
308	FR-M94S-38	Components	Mountain Frames	"HL Mountain Frame - Silver, 38"	U 	Silver	38	HL Mountain Frame	outdate
309	FR-M94S-38	Components	Mountain Frames	"HL Mountain Frame - Silver, 38"	U 	Silver	38	HL Mountain Frame	Current
310	BK-R93R-62	Bikes	Road Bikes	"Road-150 Red, 62"	U 	Red	62	Road-150	outdate
311	BK-R93R-44	Bikes	Road Bikes	"Road-150 Red, 44"	U 	Red	44	Road-150	outdate
312	BK-R93R-48	Bikes	Road Bikes	"Road-150 Red, 48"	U 	Red	48	Road-150	outdate
313	BK-R93R-52	Bikes	Road Bikes	"Road-150 Red, 52"	U 	Red	52	Road-150	outdate
314	BK-R93R-56	Bikes	Road Bikes	"Road-150 Red, 56"	U 	Red	56	Road-150	outdate
315	BK-R68R-58	Bikes	Road Bikes	"Road-450 Red, 58"	U 	Red	58	Road-450	outdate
316	BK-R68R-60	Bikes	Road Bikes	"Road-450 Red, 60"	U 	Red	60	Road-450	outdate
317	BK-R68R-44	Bikes	Road Bikes	"Road-450 Red, 44"	U 	Red	44	Road-450	outdate
318	BK-R68R-48	Bikes	Road Bikes	"Road-450 Red, 48"	U 	Red	48	Road-450	outdate
319	BK-R68R-52	Bikes	Road Bikes	"Road-450 Red, 52"	U 	Red	52	Road-450	outdate
320	BK-R50R-58	Bikes	Road Bikes	"Road-650 Red, 58"	U 	Red	58	Road-650	outdate
321	BK-R50R-58	Bikes	Road Bikes	"Road-650 Red, 58"	U 	Red	58	Road-650	outdate
322	BK-R50R-60	Bikes	Road Bikes	"Road-650 Red, 60"	U 	Red	60	Road-650	outdate
323	BK-R50R-60	Bikes	Road Bikes	"Road-650 Red, 60"	U 	Red	60	Road-650	outdate
324	BK-R50R-62	Bikes	Road Bikes	"Road-650 Red, 62"	U 	Red	62	Road-650	outdate
325	BK-R50R-62	Bikes	Road Bikes	"Road-650 Red, 62"	U 	Red	62	Road-650	outdate
326	BK-R50R-44	Bikes	Road Bikes	"Road-650 Red, 44"	U 	Red	44	Road-650	outdate
327	BK-R50R-44	Bikes	Road Bikes	"Road-650 Red, 44"	U 	Red	44	Road-650	outdate
328	BK-R50R-48	Bikes	Road Bikes	"Road-650 Red, 48"	U 	Red	48	Road-650	outdate
329	BK-R50R-48	Bikes	Road Bikes	"Road-650 Red, 48"	U 	Red	48	Road-650	outdate
330	BK-R50R-52	Bikes	Road Bikes	"Road-650 Red, 52"	U 	Red	52	Road-650	outdate
331	BK-R50R-52	Bikes	Road Bikes	"Road-650 Red, 52"	U 	Red	52	Road-650	outdate
332	BK-R50B-58	Bikes	Road Bikes	"Road-650 Black, 58"	U 	Black	58	Road-650	outdate
333	BK-R50B-58	Bikes	Road Bikes	"Road-650 Black, 58"	U 	Black	58	Road-650	outdate
334	BK-R50B-60	Bikes	Road Bikes	"Road-650 Black, 60"	U 	Black	60	Road-650	outdate
335	BK-R50B-60	Bikes	Road Bikes	"Road-650 Black, 60"	U 	Black	60	Road-650	outdate
336	BK-R50B-62	Bikes	Road Bikes	"Road-650 Black, 62"	U 	Black	62	Road-650	outdate
337	BK-R50B-62	Bikes	Road Bikes	"Road-650 Black, 62"	U 	Black	62	Road-650	outdate
338	BK-R50B-44	Bikes	Road Bikes	"Road-650 Black, 44"	U 	Black	44	Road-650	outdate
339	BK-R50B-44	Bikes	Road Bikes	"Road-650 Black, 44"	U 	Black	44	Road-650	outdate
340	BK-R50B-48	Bikes	Road Bikes	"Road-650 Black, 48"	U 	Black	48	Road-650	outdate
341	BK-R50B-48	Bikes	Road Bikes	"Road-650 Black, 48"	U 	Black	48	Road-650	outdate
342	BK-R50B-52	Bikes	Road Bikes	"Road-650 Black, 52"	U 	Black	52	Road-650	outdate
343	BK-R50B-52	Bikes	Road Bikes	"Road-650 Black, 52"	U 	Black	52	Road-650	outdate
344	BK-M82S-38	Bikes	Mountain Bikes	"Mountain-100 Silver, 38"	U 	Silver	38	Mountain-100	outdate
345	BK-M82S-42	Bikes	Mountain Bikes	"Mountain-100 Silver, 42"	U 	Silver	42	Mountain-100	outdate
346	BK-M82S-44	Bikes	Mountain Bikes	"Mountain-100 Silver, 44"	U 	Silver	44	Mountain-100	outdate
347	BK-M82S-48	Bikes	Mountain Bikes	"Mountain-100 Silver, 48"	U 	Silver	48	Mountain-100	outdate
348	BK-M82B-38	Bikes	Mountain Bikes	"Mountain-100 Black, 38"	U 	Black	38	Mountain-100	outdate
349	BK-M82B-42	Bikes	Mountain Bikes	"Mountain-100 Black, 42"	U 	Black	42	Mountain-100	outdate
350	BK-M82B-44	Bikes	Mountain Bikes	"Mountain-100 Black, 44"	U 	Black	44	Mountain-100	outdate
351	BK-M82B-48	Bikes	Mountain Bikes	"Mountain-100 Black, 48"	U 	Black	48	Mountain-100	outdate
352	BK-M68S-38	Bikes	Mountain Bikes	"Mountain-200 Silver, 38"	U 	Silver	38	Mountain-200	outdate
353	BK-M68S-38	Bikes	Mountain Bikes	"Mountain-200 Silver, 38"	U 	Silver	38	Mountain-200	Current
354	BK-M68S-42	Bikes	Mountain Bikes	"Mountain-200 Silver, 42"	U 	Silver	42	Mountain-200	outdate
355	BK-M68S-42	Bikes	Mountain Bikes	"Mountain-200 Silver, 42"	U 	Silver	42	Mountain-200	Current
356	BK-M68S-46	Bikes	Mountain Bikes	"Mountain-200 Silver, 46"	U 	Silver	46	Mountain-200	outdate
357	BK-M68S-46	Bikes	Mountain Bikes	"Mountain-200 Silver, 46"	U 	Silver	46	Mountain-200	Current
358	BK-M68B-38	Bikes	Mountain Bikes	"Mountain-200 Black, 38"	U 	Black	38	Mountain-200	outdate
359	BK-M68B-38	Bikes	Mountain Bikes	"Mountain-200 Black, 38"	U 	Black	38	Mountain-200	Current
360	BK-M68B-42	Bikes	Mountain Bikes	"Mountain-200 Black, 42"	U 	Black	42	Mountain-200	outdate
361	BK-M68B-42	Bikes	Mountain Bikes	"Mountain-200 Black, 42"	U 	Black	42	Mountain-200	Current
362	BK-M68B-46	Bikes	Mountain Bikes	"Mountain-200 Black, 46"	U 	Black	46	Mountain-200	outdate
363	BK-M68B-46	Bikes	Mountain Bikes	"Mountain-200 Black, 46"	U 	Black	46	Mountain-200	Current
364	BK-M47B-38	Bikes	Mountain Bikes	"Mountain-300 Black, 38"	U 	Black	38	Mountain-300	outdate
365	BK-M47B-40	Bikes	Mountain Bikes	"Mountain-300 Black, 40"	U 	Black	40	Mountain-300	outdate
366	BK-M47B-44	Bikes	Mountain Bikes	"Mountain-300 Black, 44"	U 	Black	44	Mountain-300	outdate
367	BK-M47B-48	Bikes	Mountain Bikes	"Mountain-300 Black, 48"	U 	Black	48	Mountain-300	outdate
368	BK-R89R-44	Bikes	Road Bikes	"Road-250 Red, 44"	U 	Red	44	Road-250	outdate
369	BK-R89R-48	Bikes	Road Bikes	"Road-250 Red, 48"	U 	Red	48	Road-250	outdate
370	BK-R89R-52	Bikes	Road Bikes	"Road-250 Red, 52"	U 	Red	52	Road-250	outdate
371	BK-R89R-58	Bikes	Road Bikes	"Road-250 Red, 58"	U 	Red	58	Road-250	outdate
372	BK-R89R-58	Bikes	Road Bikes	"Road-250 Red, 58"	U 	Red	58	Road-250	Current
373	BK-R89B-44	Bikes	Road Bikes	"Road-250 Black, 44"	U 	Black	44	Road-250	outdate
374	BK-R89B-44	Bikes	Road Bikes	"Road-250 Black, 44"	U 	Black	44	Road-250	Current
375	BK-R89B-48	Bikes	Road Bikes	"Road-250 Black, 48"	U 	Black	48	Road-250	outdate
376	BK-R89B-48	Bikes	Road Bikes	"Road-250 Black, 48"	U 	Black	48	Road-250	Current
377	BK-R89B-52	Bikes	Road Bikes	"Road-250 Black, 52"	U 	Black	52	Road-250	outdate
378	BK-R89B-52	Bikes	Road Bikes	"Road-250 Black, 52"	U 	Black	52	Road-250	Current
379	BK-R89B-58	Bikes	Road Bikes	"Road-250 Black, 58"	U 	Black	58	Road-250	outdate
380	BK-R89B-58	Bikes	Road Bikes	"Road-250 Black, 58"	U 	Black	58	Road-250	Current
381	BK-R64Y-38	Bikes	Road Bikes	"Road-550-W Yellow, 38"	W 	Yellow	38	Road-550-W	outdate
382	BK-R64Y-38	Bikes	Road Bikes	"Road-550-W Yellow, 38"	W 	Yellow	38	Road-550-W	Current
383	BK-R64Y-40	Bikes	Road Bikes	"Road-550-W Yellow, 40"	W 	Yellow	40	Road-550-W	outdate
384	BK-R64Y-40	Bikes	Road Bikes	"Road-550-W Yellow, 40"	W 	Yellow	40	Road-550-W	Current
385	BK-R64Y-42	Bikes	Road Bikes	"Road-550-W Yellow, 42"	W 	Yellow	42	Road-550-W	outdate
386	BK-R64Y-42	Bikes	Road Bikes	"Road-550-W Yellow, 42"	W 	Yellow	42	Road-550-W	Current
387	BK-R64Y-44	Bikes	Road Bikes	"Road-550-W Yellow, 44"	W 	Yellow	44	Road-550-W	outdate
388	BK-R64Y-44	Bikes	Road Bikes	"Road-550-W Yellow, 44"	W 	Yellow	44	Road-550-W	Current
389	BK-R64Y-48	Bikes	Road Bikes	"Road-550-W Yellow, 48"	W 	Yellow	48	Road-550-W	outdate
390	BK-R64Y-48	Bikes	Road Bikes	"Road-550-W Yellow, 48"	W 	Yellow	48	Road-550-W	Current
391	FK-1639	Components	Forks	LL Fork	NULL	NA	NULL	LL Fork	outdate
392	FK-5136	Components	Forks	ML Fork	NULL	NA	NULL	ML Fork	outdate
393	FK-9939	Components	Forks	HL Fork	NULL	NA	NULL	HL Fork	outdate
394	HS-0296	Components	Headsets	LL Headset	NULL	NA	NULL	LL Headset	outdate
395	HS-2451	Components	Headsets	ML Headset	NULL	NA	NULL	ML Headset	outdate
396	HS-3479	Components	Headsets	HL Headset	NULL	NA	NULL	HL Headset	outdate
397	HB-M243	Components	Handlebars	LL Mountain Handlebars	NULL	NA	NULL	LL Mountain Handlebars	outdate
398	HB-M243	Components	Handlebars	LL Mountain Handlebars	NULL	NA	NULL	LL Mountain Handlebars	Current
399	HB-M763	Components	Handlebars	ML Mountain Handlebars	NULL	NA	NULL	ML Mountain Handlebars	outdate
400	HB-M763	Components	Handlebars	ML Mountain Handlebars	NULL	NA	NULL	ML Mountain Handlebars	Current
401	HB-M918	Components	Handlebars	HL Mountain Handlebars	NULL	NA	NULL	HL Mountain Handlebars	outdate
402	HB-M918	Components	Handlebars	HL Mountain Handlebars	NULL	NA	NULL	HL Mountain Handlebars	Current
403	HB-R504	Components	Handlebars	LL Road Handlebars	NULL	NA	NULL	LL Road Handlebars	outdate
404	HB-R504	Components	Handlebars	LL Road Handlebars	NULL	NA	NULL	LL Road Handlebars	Current
405	HB-R720	Components	Handlebars	ML Road Handlebars	NULL	NA	NULL	ML Road Handlebars	outdate
406	HB-R720	Components	Handlebars	ML Road Handlebars	NULL	NA	NULL	ML Road Handlebars	Current
407	HB-R956	Components	Handlebars	HL Road Handlebars	NULL	NA	NULL	HL Road Handlebars	outdate
408	HB-R956	Components	Handlebars	HL Road Handlebars	NULL	NA	NULL	HL Road Handlebars	Current
409	FR-M63B-38	Components	Mountain Frames	"ML Mountain Frame - Black, 38"	U 	Black	38	ML Mountain Frame-W	outdate
410	FW-M423	Components	Wheels	LL Mountain Front Wheel	NULL	Black	NULL	LL Mountain Front Wheel	outdate
411	FW-M762	Components	Wheels	ML Mountain Front Wheel	NULL	Black	NULL	ML Mountain Front Wheel	outdate
412	FW-M928	Components	Wheels	HL Mountain Front Wheel	NULL	Black	NULL	HL Mountain Front Wheel	outdate
413	FW-R623	Components	Wheels	LL Road Front Wheel	NULL	Black	NULL	LL Road Front Wheel	outdate
414	FW-R762	Components	Wheels	ML Road Front Wheel	NULL	Black	NULL	ML Road Front Wheel	outdate
415	FW-R820	Components	Wheels	HL Road Front Wheel	NULL	Black	NULL	HL Road Front Wheel	outdate
416	FW-T905	Components	Wheels	Touring Front Wheel	NULL	Black	NULL	Touring Front Wheel	outdate
417	FR-R72Y-38	Components	Road Frames	"ML Road Frame-W - Yellow, 38"	W 	Yellow	38	ML Road Frame-W	outdate
418	FR-R72Y-38	Components	Road Frames	"ML Road Frame-W - Yellow, 38"	W 	Yellow	38	ML Road Frame-W	Current
419	RW-M423	Components	Wheels	LL Mountain Rear Wheel	NULL	Black	NULL	LL Mountain Rear Wheel	outdate
420	RW-M762	Components	Wheels	ML Mountain Rear Wheel	NULL	Black	NULL	ML Mountain Rear Wheel	outdate
421	RW-M928	Components	Wheels	HL Mountain Rear Wheel	NULL	Black	NULL	HL Mountain Rear Wheel	outdate
422	RW-R623	Components	Wheels	LL Road Rear Wheel	NULL	Black	NULL	LL Road Rear Wheel	outdate
423	RW-R762	Components	Wheels	ML Road Rear Wheel	NULL	Black	NULL	ML Road Rear Wheel	outdate
424	RW-R820	Components	Wheels	HL Road Rear Wheel	NULL	Black	NULL	HL Road Rear Wheel	outdate
425	RW-T905	Components	Wheels	Touring Rear Wheel	NULL	Black	NULL	Touring Rear Wheel	outdate
426	FR-M63B-40	Components	Mountain Frames	"ML Mountain Frame - Black, 40"	U 	Black	40	ML Mountain Frame	outdate
427	FR-M63B-44	Components	Mountain Frames	"ML Mountain Frame - Black, 44"	U 	Black	44	ML Mountain Frame	outdate
428	FR-M63B-48	Components	Mountain Frames	"ML Mountain Frame - Black, 48"	U 	Black	48	ML Mountain Frame	outdate
429	FR-R72Y-40	Components	Road Frames	"ML Road Frame-W - Yellow, 40"	W 	Yellow	40	ML Road Frame-W	outdate
430	FR-R72Y-40	Components	Road Frames	"ML Road Frame-W - Yellow, 40"	W 	Yellow	40	ML Road Frame-W	Current
431	FR-R72Y-42	Components	Road Frames	"ML Road Frame-W - Yellow, 42"	W 	Yellow	42	ML Road Frame-W	outdate
432	FR-R72Y-42	Components	Road Frames	"ML Road Frame-W - Yellow, 42"	W 	Yellow	42	ML Road Frame-W	Current
433	FR-R72Y-44	Components	Road Frames	"ML Road Frame-W - Yellow, 44"	W 	Yellow	44	ML Road Frame-W	outdate
434	FR-R72Y-44	Components	Road Frames	"ML Road Frame-W - Yellow, 44"	W 	Yellow	44	ML Road Frame-W	Current
435	FR-R72Y-48	Components	Road Frames	"ML Road Frame-W - Yellow, 48"	W 	Yellow	48	ML Road Frame-W	outdate
436	FR-R72Y-48	Components	Road Frames	"ML Road Frame-W - Yellow, 48"	W 	Yellow	48	ML Road Frame-W	Current
437	FR-R92B-62	Components	Road Frames	"HL Road Frame - Black, 62"	U 	Black	62	HL Road Frame	outdate
438	FR-R92B-62	Components	Road Frames	"HL Road Frame - Black, 62"	U 	Black	62	HL Road Frame	Current
439	FR-R92B-44	Components	Road Frames	"HL Road Frame - Black, 44"	U 	Black	44	HL Road Frame	outdate
440	FR-R92B-44	Components	Road Frames	"HL Road Frame - Black, 44"	U 	Black	44	HL Road Frame	Current
441	FR-R92B-48	Components	Road Frames	"HL Road Frame - Black, 48"	U 	Black	48	HL Road Frame	outdate
442	FR-R92B-48	Components	Road Frames	"HL Road Frame - Black, 48"	U 	Black	48	HL Road Frame	Current
443	FR-R92B-52	Components	Road Frames	"HL Road Frame - Black, 52"	U 	Black	52	HL Road Frame	outdate
444	FR-R92B-52	Components	Road Frames	"HL Road Frame - Black, 52"	U 	Black	52	HL Road Frame	Current
445	SH-M897-S	Clothing	Shorts	"Men's Sports Shorts, S"	M 	Black	S	Men's Sports Shorts	outdate
446	PA-T100	Accessories	Panniers	"Touring-Panniers, Large"	NULL	Grey	NULL	Touring-Panniers	outdate
447	LO-C100	Accessories	Locks	Cable Lock	NULL	NA	NULL	Cable Lock	outdate
448	PU-0452	Accessories	Pumps	Minipump	NULL	NA	NULL	Minipump	outdate
449	PU-M044	Accessories	Pumps	Mountain Pump	NULL	NA	NULL	Mountain Pump	outdate
450	LT-T990	Accessories	Lights	Taillights - Battery-Powered	NULL	NA	NULL	Taillight	outdate
451	LT-H902	Accessories	Lights	Headlights - Dual-Beam	NULL	NA	NULL	Headlights - Dual-Beam	outdate
452	LT-H903	Accessories	Lights	Headlights - Weatherproof	NULL	NA	NULL	Headlights - Weatherproof	outdate
453	SH-M897-M	Clothing	Shorts	"Men's Sports Shorts, M"	M 	Black	M	Men's Sports Shorts	outdate
454	SH-M897-L	Clothing	Shorts	"Men's Sports Shorts, L"	M 	Black	L	Men's Sports Shorts	outdate
455	SH-M897-X	Clothing	Shorts	"Men's Sports Shorts, XL"	M 	Black	XL	Men's Sports Shorts	outdate
456	TG-W091-S	Clothing	Tights	"Women's Tights, S"	W 	Black	S	Women's Tights	outdate
457	TG-W091-M	Clothing	Tights	"Women's Tights, M"	W 	Black	M	Women's Tights	outdate
458	TG-W091-L	Clothing	Tights	"Women's Tights, L"	W 	Black	L	Women's Tights	outdate
459	SB-M891-S	Clothing	Bib-Shorts	"Men's Bib-Shorts, S"	M 	Multi	S	Men's Bib-Shorts	outdate
460	SB-M891-M	Clothing	Bib-Shorts	"Men's Bib-Shorts, M"	M 	Multi	M	Men's Bib-Shorts	outdate
461	SB-M891-L	Clothing	Bib-Shorts	"Men's Bib-Shorts, L"	M 	Multi	L	Men's Bib-Shorts	outdate
462	GL-H102-S	Clothing	Gloves	"Half-Finger Gloves, S"	U 	Black	S	Half-Finger Gloves	outdate
463	GL-H102-S	Clothing	Gloves	"Half-Finger Gloves, S"	U 	Black	S	Half-Finger Gloves	Current
464	GL-H102-M	Clothing	Gloves	"Half-Finger Gloves, M"	U 	Black	M	Half-Finger Gloves	outdate
465	GL-H102-M	Clothing	Gloves	"Half-Finger Gloves, M"	U 	Black	M	Half-Finger Gloves	Current
466	GL-H102-L	Clothing	Gloves	"Half-Finger Gloves, L"	U 	Black	L	Half-Finger Gloves	outdate
467	GL-H102-L	Clothing	Gloves	"Half-Finger Gloves, L"	U 	Black	L	Half-Finger Gloves	Current
468	GL-F110-S	Clothing	Gloves	"Full-Finger Gloves, S"	U 	Black	S	Full-Finger Gloves	outdate
469	GL-F110-M	Clothing	Gloves	"Full-Finger Gloves, M"	U 	Black	M	Full-Finger Gloves	outdate
470	GL-F110-L	Clothing	Gloves	"Full-Finger Gloves, L"	U 	Black	L	Full-Finger Gloves	outdate
471	VE-C304-S	Clothing	Vests	"Classic Vest, S"	U 	Blue	S	Classic Vest	Current
472	VE-C304-M	Clothing	Vests	"Classic Vest, M"	U 	Blue	M	Classic Vest	Current
473	VE-C304-L	Clothing	Vests	"Classic Vest, L"	U 	Blue	L	Classic Vest	Current
474	SH-W890-S	Clothing	Shorts	"Women's Mountain Shorts, S"	W 	Black	S	Women's Mountain Shorts	Current
475	SH-W890-M	Clothing	Shorts	"Women's Mountain Shorts, M"	W 	Black	M	Women's Mountain Shorts	Current
476	SH-W890-L	Clothing	Shorts	"Women's Mountain Shorts, L"	W 	Black	L	Women's Mountain Shorts	Current
477	WB-H098	Accessories	Bottles and Cages	Water Bottle - 30 oz.	NULL	NA	NULL	Water Bottle	Current
478	BC-M005	Accessories	Bottles and Cages	Mountain Bottle Cage	NULL	NA	NULL	Mountain Bottle Cage	Current
479	BC-R205	Accessories	Bottles and Cages	Road Bottle Cage	NULL	NA	NULL	Road Bottle Cage	Current
480	PK-7098	Accessories	Tires and Tubes	Patch Kit/8 Patches	NULL	NA	NULL	Patch kit	Current
481	SO-R809-M	Clothing	Socks	"Racing Socks, M"	U 	White	M	Racing Socks	Current
482	SO-R809-L	Clothing	Socks	"Racing Socks, L"	U 	White	L	Racing Socks	Current
483	RA-H123	Accessories	Bike Racks	Hitch Rack - 4-Bike	NULL	NA	NULL	Hitch Rack - 4-Bike	Current
484	CL-9009	Accessories	Cleaners	Bike Wash - Dissolver	NULL	NA	NULL	Bike Wash	Current
485	FE-6654	Accessories	Fenders	Fender Set - Mountain	NULL	NA	NULL	Fender Set - Mountain	Current
486	ST-1401	Accessories	Bike Stands	All-Purpose Bike Stand	NULL	NA	NULL	All-Purpose Bike Stand	Current
487	HY-1023-70	Accessories	Hydration Packs	Hydration Pack - 70 oz.	NULL	Silver	70	Hydration Pack	Current
488	SJ-0194-S	Clothing	Jerseys	"Short-Sleeve Classic Jersey, S"	U 	Yellow	S	Short-Sleeve Classic Jersey	Current
489	SJ-0194-M	Clothing	Jerseys	"Short-Sleeve Classic Jersey, M"	U 	Yellow	M	Short-Sleeve Classic Jersey	Current
490	SJ-0194-L	Clothing	Jerseys	"Short-Sleeve Classic Jersey, L"	U 	Yellow	L	Short-Sleeve Classic Jersey	Current
491	SJ-0194-X	Clothing	Jerseys	"Short-Sleeve Classic Jersey, XL"	U 	Yellow	XL	Short-Sleeve Classic Jersey	Current
492	FR-T98Y-60	Components	Touring Frames	"HL Touring Frame - Yellow, 60"	U 	Yellow	60	HL Touring Frame	Current
493	FR-T67Y-62	Components	Touring Frames	"LL Touring Frame - Yellow, 62"	U 	Yellow	62	LL Touring Frame	Current
494	FR-T98Y-46	Components	Touring Frames	"HL Touring Frame - Yellow, 46"	U 	Yellow	46	HL Touring Frame	Current
495	FR-T98Y-50	Components	Touring Frames	"HL Touring Frame - Yellow, 50"	U 	Yellow	50	HL Touring Frame	Current
496	FR-T98Y-54	Components	Touring Frames	"HL Touring Frame - Yellow, 54"	U 	Yellow	54	HL Touring Frame	Current
497	FR-T98U-46	Components	Touring Frames	"HL Touring Frame - Blue, 46"	U 	Blue	46	HL Touring Frame	Current
498	FR-T98U-50	Components	Touring Frames	"HL Touring Frame - Blue, 50"	U 	Blue	50	HL Touring Frame	Current
499	FR-T98U-54	Components	Touring Frames	"HL Touring Frame - Blue, 54"	U 	Blue	54	HL Touring Frame	Current
500	FR-T98U-60	Components	Touring Frames	"HL Touring Frame - Blue, 60"	U 	Blue	60	HL Touring Frame	Current
501	RD-2308	Components	Derailleurs	Rear Derailleur	NULL	Silver	NULL	Rear Derailleur	Current
502	FR-T67U-50	Components	Touring Frames	"LL Touring Frame - Blue, 50"	U 	Blue	50	LL Touring Frame	Current
503	FR-T67U-54	Components	Touring Frames	"LL Touring Frame - Blue, 54"	U 	Blue	54	LL Touring Frame	Current
504	FR-T67U-58	Components	Touring Frames	"LL Touring Frame - Blue, 58"	U 	Blue	58	LL Touring Frame	Current
505	FR-T67U-62	Components	Touring Frames	"LL Touring Frame - Blue, 62"	U 	Blue	62	LL Touring Frame	Current
506	FR-T67Y-44	Components	Touring Frames	"LL Touring Frame - Yellow, 44"	U 	Yellow	44	LL Touring Frame	Current
507	FR-T67Y-50	Components	Touring Frames	"LL Touring Frame - Yellow, 50"	U 	Yellow	50	LL Touring Frame	Current
508	FR-T67Y-54	Components	Touring Frames	"LL Touring Frame - Yellow, 54"	U 	Yellow	54	LL Touring Frame	Current
509	FR-T67Y-58	Components	Touring Frames	"LL Touring Frame - Yellow, 58"	U 	Yellow	58	LL Touring Frame	Current
510	FR-T67U-44	Components	Touring Frames	"LL Touring Frame - Blue, 44"	U 	Blue	44	LL Touring Frame	Current
511	FR-M63S-40	Components	Mountain Frames	"ML Mountain Frame-W - Silver, 40"	W 	Silver	40	ML Mountain Frame-W	Current
512	FR-M63S-42	Components	Mountain Frames	"ML Mountain Frame-W - Silver, 42"	W 	Silver	42	ML Mountain Frame-W	Current
513	FR-M63S-46	Components	Mountain Frames	"ML Mountain Frame-W - Silver, 46"	W 	Silver	46	ML Mountain Frame-W	Current
514	RB-9231	Components	Brakes	Rear Brakes	NULL	Silver	NULL	Rear Brakes	Current
515	SE-M236	Components	Saddles	LL Mountain Seat/Saddle	NULL	NA	NULL	LL Mountain Seat/Saddle 2	Current
516	SE-M798	Components	Saddles	ML Mountain Seat/Saddle	NULL	NA	NULL	ML Mountain Seat/Saddle 2	Current
517	SE-M940	Components	Saddles	HL Mountain Seat/Saddle	NULL	NA	NULL	HL Mountain Seat/Saddle 2	Current
518	SE-R581	Components	Saddles	LL Road Seat/Saddle	NULL	NA	NULL	LL Road Seat/Saddle 1	Current
519	SE-R908	Components	Saddles	ML Road Seat/Saddle	NULL	NA	NULL	ML Road Seat/Saddle 2	Current
520	SE-R995	Components	Saddles	HL Road Seat/Saddle	NULL	NA	NULL	HL Road Seat/Saddle 2	Current
521	SE-T312	Components	Saddles	LL Touring Seat/Saddle	NULL	NA	NULL	LL Touring Seat/Saddle	Current
522	SE-T762	Components	Saddles	ML Touring Seat/Saddle	NULL	NA	NULL	ML Touring Seat/Saddle	Current
523	SE-T924	Components	Saddles	HL Touring Seat/Saddle	NULL	NA	NULL	HL Touring Seat/Saddle	Current
524	FR-M21S-42	Components	Mountain Frames	"LL Mountain Frame - Silver, 42"	U 	Silver	42	LL Mountain Frame	Current
525	FR-M21S-44	Components	Mountain Frames	"LL Mountain Frame - Silver, 44"	U 	Silver	44	LL Mountain Frame	Current
526	FR-M21S-48	Components	Mountain Frames	"LL Mountain Frame - Silver, 48"	U 	Silver	48	LL Mountain Frame	Current
527	FR-M21S-52	Components	Mountain Frames	"LL Mountain Frame - Silver, 52"	U 	Silver	52	LL Mountain Frame	Current
528	TT-M928	Accessories	Tires and Tubes	Mountain Tire Tube	NULL	NA	NULL	Mountain Tire Tube	Current
529	TT-R982	Accessories	Tires and Tubes	Road Tire Tube	NULL	NA	NULL	Road Tire Tube	Current
530	TT-T092	Accessories	Tires and Tubes	Touring Tire Tube	NULL	NA	NULL	Touring Tire Tube	Current
531	FR-M21B-42	Components	Mountain Frames	"LL Mountain Frame - Black, 42"	U 	Black	42	LL Mountain Frame	Current
532	FR-M21B-44	Components	Mountain Frames	"LL Mountain Frame - Black, 44"	U 	Black	44	LL Mountain Frame	Current
533	FR-M21B-48	Components	Mountain Frames	"LL Mountain Frame - Black, 48"	U 	Black	48	LL Mountain Frame	Current
534	FR-M21B-52	Components	Mountain Frames	"LL Mountain Frame - Black, 52"	U 	Black	52	LL Mountain Frame	Current
535	TI-M267	Accessories	Tires and Tubes	LL Mountain Tire	NULL	NA	NULL	LL Mountain Tire	Current
536	TI-M602	Accessories	Tires and Tubes	ML Mountain Tire	NULL	NA	NULL	ML Mountain Tire	Current
537	TI-M823	Accessories	Tires and Tubes	HL Mountain Tire	NULL	NA	NULL	HL Mountain Tire	Current
538	TI-R092	Accessories	Tires and Tubes	LL Road Tire	NULL	NA	NULL	LL Road Tire	Current
539	TI-R628	Accessories	Tires and Tubes	ML Road Tire	NULL	NA	NULL	ML Road Tire	Current
540	TI-R982	Accessories	Tires and Tubes	HL Road Tire	NULL	NA	NULL	HL Road Tire	Current
541	TI-T723	Accessories	Tires and Tubes	Touring Tire	NULL	NA	NULL	Touring Tire	Current
542	PD-M282	Components	Pedals	LL Mountain Pedal	NULL	Silver/Black	NULL	LL Mountain Pedal	Current
543	PD-M340	Components	Pedals	ML Mountain Pedal	NULL	Silver/Black	NULL	ML Mountain Pedal	Current
544	PD-M562	Components	Pedals	HL Mountain Pedal	NULL	Silver/Black	NULL	HL Mountain Pedal	Current
545	PD-R347	Components	Pedals	LL Road Pedal	NULL	Silver/Black	NULL	LL Road Pedal	Current
546	PD-R563	Components	Pedals	ML Road Pedal	NULL	Silver/Black	NULL	ML Road Pedal	Current
547	PD-R853	Components	Pedals	HL Road Pedal	NULL	Silver/Black	NULL	HL Road Pedal	Current
548	PD-T852	Components	Pedals	Touring Pedal	NULL	Silver/Black	NULL	Touring Pedal	Current
549	FR-M63S-38	Components	Mountain Frames	"ML Mountain Frame-W - Silver, 38"	W 	Silver	38	ML Mountain Frame-W	Current
550	FR-M21B-40	Components	Mountain Frames	"LL Mountain Frame - Black, 40"	U 	Black	40	LL Mountain Frame	Current
551	FR-M21S-40	Components	Mountain Frames	"LL Mountain Frame - Silver, 40"	U 	Silver	40	LL Mountain Frame	Current
552	FD-2342	Components	Derailleurs	Front Derailleur	NULL	Silver	NULL	Front Derailleur	Current
553	HB-T721	Components	Handlebars	LL Touring Handlebars	NULL	NA	NULL	LL Touring Handlebars	Current
554	HB-T928	Components	Handlebars	HL Touring Handlebars	NULL	NA	NULL	HL Touring Handlebars	Current
555	FB-9873	Components	Brakes	Front Brakes	NULL	Silver	NULL	Front Brakes	Current
556	CS-4759	Components	Cranksets	LL Crankset	NULL	Black	NULL	LL Crankset	Current
557	CS-6583	Components	Cranksets	ML Crankset	NULL	Black	NULL	ML Crankset	Current
558	CS-9183	Components	Cranksets	HL Crankset	NULL	Black	NULL	HL Crankset	Current
559	CH-0234	Components	Chains	Chain	NULL	Silver	NULL	Chain	Current
560	BK-T44U-60	Bikes	Touring Bikes	"Touring-2000 Blue, 60"	U 	Blue	60	Touring-2000	Current
561	BK-T79Y-46	Bikes	Touring Bikes	"Touring-1000 Yellow, 46"	U 	Yellow	46	Touring-1000	Current
562	BK-T79Y-50	Bikes	Touring Bikes	"Touring-1000 Yellow, 50"	U 	Yellow	50	Touring-1000	Current
563	BK-T79Y-54	Bikes	Touring Bikes	"Touring-1000 Yellow, 54"	U 	Yellow	54	Touring-1000	Current
564	BK-T79Y-60	Bikes	Touring Bikes	"Touring-1000 Yellow, 60"	U 	Yellow	60	Touring-1000	Current
565	BK-T18U-54	Bikes	Touring Bikes	"Touring-3000 Blue, 54"	U 	Blue	54	Touring-3000	Current
566	BK-T18U-58	Bikes	Touring Bikes	"Touring-3000 Blue, 58"	U 	Blue	58	Touring-3000	Current
567	BK-T18U-62	Bikes	Touring Bikes	"Touring-3000 Blue, 62"	U 	Blue	62	Touring-3000	Current
568	BK-T18Y-44	Bikes	Touring Bikes	"Touring-3000 Yellow, 44"	U 	Yellow	44	Touring-3000	Current
569	BK-T18Y-50	Bikes	Touring Bikes	"Touring-3000 Yellow, 50"	U 	Yellow	50	Touring-3000	Current
570	BK-T18Y-54	Bikes	Touring Bikes	"Touring-3000 Yellow, 54"	U 	Yellow	54	Touring-3000	Current
571	BK-T18Y-58	Bikes	Touring Bikes	"Touring-3000 Yellow, 58"	U 	Yellow	58	Touring-3000	Current
572	BK-T18Y-62	Bikes	Touring Bikes	"Touring-3000 Yellow, 62"	U 	Yellow	62	Touring-3000	Current
573	BK-T79U-46	Bikes	Touring Bikes	"Touring-1000 Blue, 46"	U 	Blue	46	Touring-1000	Current
574	BK-T79U-50	Bikes	Touring Bikes	"Touring-1000 Blue, 50"	U 	Blue	50	Touring-1000	Current
575	BK-T79U-54	Bikes	Touring Bikes	"Touring-1000 Blue, 54"	U 	Blue	54	Touring-1000	Current
576	BK-T79U-60	Bikes	Touring Bikes	"Touring-1000 Blue, 60"	U 	Blue	60	Touring-1000	Current
577	BK-T44U-46	Bikes	Touring Bikes	"Touring-2000 Blue, 46"	U 	Blue	46	Touring-2000	Current
578	BK-T44U-50	Bikes	Touring Bikes	"Touring-2000 Blue, 50"	U 	Blue	50	Touring-2000	Current
579	BK-T44U-54	Bikes	Touring Bikes	"Touring-2000 Blue, 54"	U 	Blue	54	Touring-2000	Current
580	BK-R79Y-40	Bikes	Road Bikes	"Road-350-W Yellow, 40"	W 	Yellow	40	Road-350-W	Current
581	BK-R79Y-42	Bikes	Road Bikes	"Road-350-W Yellow, 42"	W 	Yellow	42	Road-350-W	Current
582	BK-R79Y-44	Bikes	Road Bikes	"Road-350-W Yellow, 44"	W 	Yellow	44	Road-350-W	Current
583	BK-R79Y-48	Bikes	Road Bikes	"Road-350-W Yellow, 48"	W 	Yellow	48	Road-350-W	Current
584	BK-R19B-58	Bikes	Road Bikes	"Road-750 Black, 58"	U 	Black	58	Road-750	Current
585	BK-T18U-44	Bikes	Touring Bikes	"Touring-3000 Blue, 44"	U 	Blue	44	Touring-3000	Current
586	BK-T18U-50	Bikes	Touring Bikes	"Touring-3000 Blue, 50"	U 	Blue	50	Touring-3000	Current
587	BK-M38S-38	Bikes	Mountain Bikes	"Mountain-400-W Silver, 38"	W 	Silver	38	Mountain-400-W	Current
588	BK-M38S-40	Bikes	Mountain Bikes	"Mountain-400-W Silver, 40"	W 	Silver	40	Mountain-400-W	Current
589	BK-M38S-42	Bikes	Mountain Bikes	"Mountain-400-W Silver, 42"	W 	Silver	42	Mountain-400-W	Current
590	BK-M38S-46	Bikes	Mountain Bikes	"Mountain-400-W Silver, 46"	W 	Silver	46	Mountain-400-W	Current
591	BK-M18S-40	Bikes	Mountain Bikes	"Mountain-500 Silver, 40"	U 	Silver	40	Mountain-500	Current
592	BK-M18S-42	Bikes	Mountain Bikes	"Mountain-500 Silver, 42"	U 	Silver	42	Mountain-500	Current
593	BK-M18S-44	Bikes	Mountain Bikes	"Mountain-500 Silver, 44"	U 	Silver	44	Mountain-500	Current
594	BK-M18S-48	Bikes	Mountain Bikes	"Mountain-500 Silver, 48"	U 	Silver	48	Mountain-500	Current
595	BK-M18S-52	Bikes	Mountain Bikes	"Mountain-500 Silver, 52"	U 	Silver	52	Mountain-500	Current
596	BK-M18B-40	Bikes	Mountain Bikes	"Mountain-500 Black, 40"	U 	Black	40	Mountain-500	Current
597	BK-M18B-42	Bikes	Mountain Bikes	"Mountain-500 Black, 42"	U 	Black	42	Mountain-500	Current
598	BK-M18B-44	Bikes	Mountain Bikes	"Mountain-500 Black, 44"	U 	Black	44	Mountain-500	Current
599	BK-M18B-48	Bikes	Mountain Bikes	"Mountain-500 Black, 48"	U 	Black	48	Mountain-500	Current
600	BK-M18B-52	Bikes	Mountain Bikes	"Mountain-500 Black, 52"	U 	Black	52	Mountain-500	Current
601	BB-7421	Components	Bottom Brackets	LL Bottom Bracket	NULL	NA	NULL	LL Bottom Bracket	Current
602	BB-8107	Components	Bottom Brackets	ML Bottom Bracket	NULL	NA	NULL	ML Bottom Bracket	Current
603	BB-9108	Components	Bottom Brackets	HL Bottom Bracket	NULL	NA	NULL	HL Bottom Bracket	Current
604	BK-R19B-44	Bikes	Road Bikes	"Road-750 Black, 44"	U 	Black	44	Road-750	Current
605	BK-R19B-48	Bikes	Road Bikes	"Road-750 Black, 48"	U 	Black	48	Road-750	Current
606	BK-R19B-52	Bikes	Road Bikes	"Road-750 Black, 52"	U 	Black	52	Road-750	Current
