DateKey,FullDateAlternateKey,DayNumberOfWeek,EnglishDayNameOfWeek,SpanishDayNameOfWeek,FrenchDayNameOfWeek,DayNumberOfMonth,DayNumberOfYear,WeekNumberOfYear,EnglishMonthName,SpanishMonthName,FrenchMonthName,MonthNumberOfYear,CalendarQuarter,CalendarYear,CalendarSemester,FiscalQuarter,FiscalYear,FiscalSemester
20050101,2005-01-01,7,Saturday,Sábado,Samedi,1,1,1,January,Enero,Janvier,1,1,2005,1,3,2005,2
20050102,2005-01-02,1,Sunday,Domingo,Dimanche,2,2,2,January,Enero,Janvier,1,1,2005,1,3,2005,2
20050103,2005-01-03,2,Monday,Lunes,Lundi,3,3,2,January,Enero,Janvier,1,1,2005,1,3,2005,2
20050104,2005-01-04,3,Tuesday,Martes,Mardi,4,4,2,January,Enero,Janvier,1,1,2005,1,3,2005,2
20050105,2005-01-05,4,Wednesday,Miércoles,Mercredi,5,5,2,January,Enero,Janvier,1,1,2005,1,3,2005,2
20050106,2005-01-06,5,Thursday,Jueves,Jeudi,6,6,2,January,Enero,Janvier,1,1,2005,1,3,2005,2
20050107,2005-01-07,6,Friday,Viernes,Vendredi,7,7,2,January,Enero,Janvier,1,1,2005,1,3,2005,2
20050108,2005-01-08,7,Saturday,Sábado,Samedi,8,8,2,January,Enero,Janvier,1,1,2005,1,3,2005,2
20050109,2005-01-09,1,Sunday,Domingo,Dimanche,9,9,3,January,Enero,Janvier,1,1,2005,1,3,2005,2
20050110,2005-01-10,2,Monday,Lunes,Lundi,10,10,3,January,Enero,Janvier,1,1,2005,1,3,2005,2
20050111,2005-01-11,3,Tuesday,Martes,Mardi,11,11,3,January,Enero,Janvier,1,1,2005,1,3,2005,2
20050112,2005-01-12,4,Wednesday,Miércoles,Mercredi,12,12,3,January,Enero,Janvier,1,1,2005,1,3,2005,2
20050113,2005-01-13,5,Thursday,Jueves,Jeudi,13,13,3,January,Enero,Janvier,1,1,2005,1,3,2005,2
20050114,2005-01-14,6,Friday,Viernes,Vendredi,14,14,3,January,Enero,Janvier,1,1,2005,1,3,2005,2
20050115,2005-01-15,7,Saturday,Sábado,Samedi,15,15,3,January,Enero,Janvier,1,1,2005,1,3,2005,2
20050116,2005-01-16,1,Sunday,Domingo,Dimanche,16,16,4,January,Enero,Janvier,1,1,2005,1,3,2005,2
20050117,2005-01-17,2,Monday,Lunes,Lundi,17,17,4,January,Enero,Janvier,1,1,2005,1,3,2005,2
20050118,2005-01-18,3,Tuesday,Martes,Mardi,18,18,4,January,Enero,Janvier,1,1,2005,1,3,2005,2
20050119,2005-01-19,4,Wednesday,Miércoles,Mercredi,19,19,4,January,Enero,Janvier,1,1,2005,1,3,2005,2
20050120,2005-01-20,5,Thursday,Jueves,Jeudi,20,20,4,January,Enero,Janvier,1,1,2005,1,3,2005,2
20050121,2005-01-21,6,Friday,Viernes,Vendredi,21,21,4,January,Enero,Janvier,1,1,2005,1,3,2005,2
20050122,2005-01-22,7,Saturday,Sábado,Samedi,22,22,4,January,Enero,Janvier,1,1,2005,1,3,2005,2
20050123,2005-01-23,1,Sunday,Domingo,Dimanche,23,23,5,January,Enero,Janvier,1,1,2005,1,3,2005,2
20050124,2005-01-24,2,Monday,Lunes,Lundi,24,24,5,January,Enero,Janvier,1,1,2005,1,3,2005,2
20050125,2005-01-25,3,Tuesday,Martes,Mardi,25,25,5,January,Enero,Janvier,1,1,2005,1,3,2005,2
20050126,2005-01-26,4,Wednesday,Miércoles,Mercredi,26,26,5,January,Enero,Janvier,1,1,2005,1,3,2005,2
20050127,2005-01-27,5,Thursday,Jueves,Jeudi,27,27,5,January,Enero,Janvier,1,1,2005,1,3,2005,2
20050128,2005-01-28,6,Friday,Viernes,Vendredi,28,28,5,January,Enero,Janvier,1,1,2005,1,3,2005,2
20050129,2005-01-29,7,Saturday,Sábado,Samedi,29,29,5,January,Enero,Janvier,1,1,2005,1,3,2005,2
20050130,2005-01-30,1,Sunday,Domingo,Dimanche,30,30,6,January,Enero,Janvier,1,1,2005,1,3,2005,2
20050131,2005-01-31,2,Monday,Lunes,Lundi,31,31,6,January,Enero,Janvier,1,1,2005,1,3,2005,2
20050201,2005-02-01,3,Tuesday,Martes,Mardi,1,32,6,February,Febrero,Février,2,1,2005,1,3,2005,2
20050202,2005-02-02,4,Wednesday,Miércoles,Mercredi,2,33,6,February,Febrero,Février,2,1,2005,1,3,2005,2
20050203,2005-02-03,5,Thursday,Jueves,Jeudi,3,34,6,February,Febrero,Février,2,1,2005,1,3,2005,2
20050204,2005-02-04,6,Friday,Viernes,Vendredi,4,35,6,February,Febrero,Février,2,1,2005,1,3,2005,2
20050205,2005-02-05,7,Saturday,Sábado,Samedi,5,36,6,February,Febrero,Février,2,1,2005,1,3,2005,2
20050206,2005-02-06,1,Sunday,Domingo,Dimanche,6,37,7,February,Febrero,Février,2,1,2005,1,3,2005,2
20050207,2005-02-07,2,Monday,Lunes,Lundi,7,38,7,February,Febrero,Février,2,1,2005,1,3,2005,2
20050208,2005-02-08,3,Tuesday,Martes,Mardi,8,39,7,February,Febrero,Février,2,1,2005,1,3,2005,2
20050209,2005-02-09,4,Wednesday,Miércoles,Mercredi,9,40,7,February,Febrero,Février,2,1,2005,1,3,2005,2
20050210,2005-02-10,5,Thursday,Jueves,Jeudi,10,41,7,February,Febrero,Février,2,1,2005,1,3,2005,2
20050211,2005-02-11,6,Friday,Viernes,Vendredi,11,42,7,February,Febrero,Février,2,1,2005,1,3,2005,2
20050212,2005-02-12,7,Saturday,Sábado,Samedi,12,43,7,February,Febrero,Février,2,1,2005,1,3,2005,2
20050213,2005-02-13,1,Sunday,Domingo,Dimanche,13,44,8,February,Febrero,Février,2,1,2005,1,3,2005,2
20050214,2005-02-14,2,Monday,Lunes,Lundi,14,45,8,February,Febrero,Février,2,1,2005,1,3,2005,2
20050215,2005-02-15,3,Tuesday,Martes,Mardi,15,46,8,February,Febrero,Février,2,1,2005,1,3,2005,2
20050216,2005-02-16,4,Wednesday,Miércoles,Mercredi,16,47,8,February,Febrero,Février,2,1,2005,1,3,2005,2
20050217,2005-02-17,5,Thursday,Jueves,Jeudi,17,48,8,February,Febrero,Février,2,1,2005,1,3,2005,2
20050218,2005-02-18,6,Friday,Viernes,Vendredi,18,49,8,February,Febrero,Février,2,1,2005,1,3,2005,2
20050219,2005-02-19,7,Saturday,Sábado,Samedi,19,50,8,February,Febrero,Février,2,1,2005,1,3,2005,2
20050220,2005-02-20,1,Sunday,Domingo,Dimanche,20,51,9,February,Febrero,Février,2,1,2005,1,3,2005,2
20050221,2005-02-21,2,Monday,Lunes,Lundi,21,52,9,February,Febrero,Février,2,1,2005,1,3,2005,2
20050222,2005-02-22,3,Tuesday,Martes,Mardi,22,53,9,February,Febrero,Février,2,1,2005,1,3,2005,2
20050223,2005-02-23,4,Wednesday,Miércoles,Mercredi,23,54,9,February,Febrero,Février,2,1,2005,1,3,2005,2
20050224,2005-02-24,5,Thursday,Jueves,Jeudi,24,55,9,February,Febrero,Février,2,1,2005,1,3,2005,2
20050225,2005-02-25,6,Friday,Viernes,Vendredi,25,56,9,February,Febrero,Février,2,1,2005,1,3,2005,2
20050226,2005-02-26,7,Saturday,Sábado,Samedi,26,57,9,February,Febrero,Février,2,1,2005,1,3,2005,2
20050227,2005-02-27,1,Sunday,Domingo,Dimanche,27,58,10,February,Febrero,Février,2,1,2005,1,3,2005,2
20050228,2005-02-28,2,Monday,Lunes,Lundi,28,59,10,February,Febrero,Février,2,1,2005,1,3,2005,2
20050301,2005-03-01,3,Tuesday,Martes,Mardi,1,60,10,March,Marzo,Mars,3,1,2005,1,3,2005,2
20050302,2005-03-02,4,Wednesday,Miércoles,Mercredi,2,61,10,March,Marzo,Mars,3,1,2005,1,3,2005,2
20050303,2005-03-03,5,Thursday,Jueves,Jeudi,3,62,10,March,Marzo,Mars,3,1,2005,1,3,2005,2
20050304,2005-03-04,6,Friday,Viernes,Vendredi,4,63,10,March,Marzo,Mars,3,1,2005,1,3,2005,2
20050305,2005-03-05,7,Saturday,Sábado,Samedi,5,64,10,March,Marzo,Mars,3,1,2005,1,3,2005,2
20050306,2005-03-06,1,Sunday,Domingo,Dimanche,6,65,11,March,Marzo,Mars,3,1,2005,1,3,2005,2
20050307,2005-03-07,2,Monday,Lunes,Lundi,7,66,11,March,Marzo,Mars,3,1,2005,1,3,2005,2
20050308,2005-03-08,3,Tuesday,Martes,Mardi,8,67,11,March,Marzo,Mars,3,1,2005,1,3,2005,2
20050309,2005-03-09,4,Wednesday,Miércoles,Mercredi,9,68,11,March,Marzo,Mars,3,1,2005,1,3,2005,2
20050310,2005-03-10,5,Thursday,Jueves,Jeudi,10,69,11,March,Marzo,Mars,3,1,2005,1,3,2005,2
20050311,2005-03-11,6,Friday,Viernes,Vendredi,11,70,11,March,Marzo,Mars,3,1,2005,1,3,2005,2
20050312,2005-03-12,7,Saturday,Sábado,Samedi,12,71,11,March,Marzo,Mars,3,1,2005,1,3,2005,2
20050313,2005-03-13,1,Sunday,Domingo,Dimanche,13,72,12,March,Marzo,Mars,3,1,2005,1,3,2005,2
20050314,2005-03-14,2,Monday,Lunes,Lundi,14,73,12,March,Marzo,Mars,3,1,2005,1,3,2005,2
20050315,2005-03-15,3,Tuesday,Martes,Mardi,15,74,12,March,Marzo,Mars,3,1,2005,1,3,2005,2
20050316,2005-03-16,4,Wednesday,Miércoles,Mercredi,16,75,12,March,Marzo,Mars,3,1,2005,1,3,2005,2
20050317,2005-03-17,5,Thursday,Jueves,Jeudi,17,76,12,March,Marzo,Mars,3,1,2005,1,3,2005,2
20050318,2005-03-18,6,Friday,Viernes,Vendredi,18,77,12,March,Marzo,Mars,3,1,2005,1,3,2005,2
20050319,2005-03-19,7,Saturday,Sábado,Samedi,19,78,12,March,Marzo,Mars,3,1,2005,1,3,2005,2
20050320,2005-03-20,1,Sunday,Domingo,Dimanche,20,79,13,March,Marzo,Mars,3,1,2005,1,3,2005,2
20050321,2005-03-21,2,Monday,Lunes,Lundi,21,80,13,March,Marzo,Mars,3,1,2005,1,3,2005,2
20050322,2005-03-22,3,Tuesday,Martes,Mardi,22,81,13,March,Marzo,Mars,3,1,2005,1,3,2005,2
20050323,2005-03-23,4,Wednesday,Miércoles,Mercredi,23,82,13,March,Marzo,Mars,3,1,2005,1,3,2005,2
20050324,2005-03-24,5,Thursday,Jueves,Jeudi,24,83,13,March,Marzo,Mars,3,1,2005,1,3,2005,2
20050325,2005-03-25,6,Friday,Viernes,Vendredi,25,84,13,March,Marzo,Mars,3,1,2005,1,3,2005,2
20050326,2005-03-26,7,Saturday,Sábado,Samedi,26,85,13,March,Marzo,Mars,3,1,2005,1,3,2005,2
20050327,2005-03-27,1,Sunday,Domingo,Dimanche,27,86,14,March,Marzo,Mars,3,1,2005,1,3,2005,2
20050328,2005-03-28,2,Monday,Lunes,Lundi,28,87,14,March,Marzo,Mars,3,1,2005,1,3,2005,2
20050329,2005-03-29,3,Tuesday,Martes,Mardi,29,88,14,March,Marzo,Mars,3,1,2005,1,3,2005,2
20050330,2005-03-30,4,Wednesday,Miércoles,Mercredi,30,89,14,March,Marzo,Mars,3,1,2005,1,3,2005,2
20050331,2005-03-31,5,Thursday,Jueves,Jeudi,31,90,14,March,Marzo,Mars,3,1,2005,1,3,2005,2
20050401,2005-04-01,6,Friday,Viernes,Vendredi,1,91,14,April,Abril,Avril,4,2,2005,1,4,2005,2
20050402,2005-04-02,7,Saturday,Sábado,Samedi,2,92,14,April,Abril,Avril,4,2,2005,1,4,2005,2
20050403,2005-04-03,1,Sunday,Domingo,Dimanche,3,93,15,April,Abril,Avril,4,2,2005,1,4,2005,2
20050404,2005-04-04,2,Monday,Lunes,Lundi,4,94,15,April,Abril,Avril,4,2,2005,1,4,2005,2
20050405,2005-04-05,3,Tuesday,Martes,Mardi,5,95,15,April,Abril,Avril,4,2,2005,1,4,2005,2
20050406,2005-04-06,4,Wednesday,Miércoles,Mercredi,6,96,15,April,Abril,Avril,4,2,2005,1,4,2005,2
20050407,2005-04-07,5,Thursday,Jueves,Jeudi,7,97,15,April,Abril,Avril,4,2,2005,1,4,2005,2
20050408,2005-04-08,6,Friday,Viernes,Vendredi,8,98,15,April,Abril,Avril,4,2,2005,1,4,2005,2
20050409,2005-04-09,7,Saturday,Sábado,Samedi,9,99,15,April,Abril,Avril,4,2,2005,1,4,2005,2
20050410,2005-04-10,1,Sunday,Domingo,Dimanche,10,100,16,April,Abril,Avril,4,2,2005,1,4,2005,2
20050411,2005-04-11,2,Monday,Lunes,Lundi,11,101,16,April,Abril,Avril,4,2,2005,1,4,2005,2
20050412,2005-04-12,3,Tuesday,Martes,Mardi,12,102,16,April,Abril,Avril,4,2,2005,1,4,2005,2
20050413,2005-04-13,4,Wednesday,Miércoles,Mercredi,13,103,16,April,Abril,Avril,4,2,2005,1,4,2005,2
20050414,2005-04-14,5,Thursday,Jueves,Jeudi,14,104,16,April,Abril,Avril,4,2,2005,1,4,2005,2
20050415,2005-04-15,6,Friday,Viernes,Vendredi,15,105,16,April,Abril,Avril,4,2,2005,1,4,2005,2
20050416,2005-04-16,7,Saturday,Sábado,Samedi,16,106,16,April,Abril,Avril,4,2,2005,1,4,2005,2
20050417,2005-04-17,1,Sunday,Domingo,Dimanche,17,107,17,April,Abril,Avril,4,2,2005,1,4,2005,2
20050418,2005-04-18,2,Monday,Lunes,Lundi,18,108,17,April,Abril,Avril,4,2,2005,1,4,2005,2
20050419,2005-04-19,3,Tuesday,Martes,Mardi,19,109,17,April,Abril,Avril,4,2,2005,1,4,2005,2
20050420,2005-04-20,4,Wednesday,Miércoles,Mercredi,20,110,17,April,Abril,Avril,4,2,2005,1,4,2005,2
20050421,2005-04-21,5,Thursday,Jueves,Jeudi,21,111,17,April,Abril,Avril,4,2,2005,1,4,2005,2
20050422,2005-04-22,6,Friday,Viernes,Vendredi,22,112,17,April,Abril,Avril,4,2,2005,1,4,2005,2
20050423,2005-04-23,7,Saturday,Sábado,Samedi,23,113,17,April,Abril,Avril,4,2,2005,1,4,2005,2
20050424,2005-04-24,1,Sunday,Domingo,Dimanche,24,114,18,April,Abril,Avril,4,2,2005,1,4,2005,2
20050425,2005-04-25,2,Monday,Lunes,Lundi,25,115,18,April,Abril,Avril,4,2,2005,1,4,2005,2
20050426,2005-04-26,3,Tuesday,Martes,Mardi,26,116,18,April,Abril,Avril,4,2,2005,1,4,2005,2
20050427,2005-04-27,4,Wednesday,Miércoles,Mercredi,27,117,18,April,Abril,Avril,4,2,2005,1,4,2005,2
20050428,2005-04-28,5,Thursday,Jueves,Jeudi,28,118,18,April,Abril,Avril,4,2,2005,1,4,2005,2
20050429,2005-04-29,6,Friday,Viernes,Vendredi,29,119,18,April,Abril,Avril,4,2,2005,1,4,2005,2
20050430,2005-04-30,7,Saturday,Sábado,Samedi,30,120,18,April,Abril,Avril,4,2,2005,1,4,2005,2
20050501,2005-05-01,1,Sunday,Domingo,Dimanche,1,121,19,May,Mayo,Mai,5,2,2005,1,4,2005,2
20050502,2005-05-02,2,Monday,Lunes,Lundi,2,122,19,May,Mayo,Mai,5,2,2005,1,4,2005,2
20050503,2005-05-03,3,Tuesday,Martes,Mardi,3,123,19,May,Mayo,Mai,5,2,2005,1,4,2005,2
20050504,2005-05-04,4,Wednesday,Miércoles,Mercredi,4,124,19,May,Mayo,Mai,5,2,2005,1,4,2005,2
20050505,2005-05-05,5,Thursday,Jueves,Jeudi,5,125,19,May,Mayo,Mai,5,2,2005,1,4,2005,2
20050506,2005-05-06,6,Friday,Viernes,Vendredi,6,126,19,May,Mayo,Mai,5,2,2005,1,4,2005,2
20050507,2005-05-07,7,Saturday,Sábado,Samedi,7,127,19,May,Mayo,Mai,5,2,2005,1,4,2005,2
20050508,2005-05-08,1,Sunday,Domingo,Dimanche,8,128,20,May,Mayo,Mai,5,2,2005,1,4,2005,2
20050509,2005-05-09,2,Monday,Lunes,Lundi,9,129,20,May,Mayo,Mai,5,2,2005,1,4,2005,2
20050510,2005-05-10,3,Tuesday,Martes,Mardi,10,130,20,May,Mayo,Mai,5,2,2005,1,4,2005,2
20050511,2005-05-11,4,Wednesday,Miércoles,Mercredi,11,131,20,May,Mayo,Mai,5,2,2005,1,4,2005,2
20050512,2005-05-12,5,Thursday,Jueves,Jeudi,12,132,20,May,Mayo,Mai,5,2,2005,1,4,2005,2
20050513,2005-05-13,6,Friday,Viernes,Vendredi,13,133,20,May,Mayo,Mai,5,2,2005,1,4,2005,2
20050514,2005-05-14,7,Saturday,Sábado,Samedi,14,134,20,May,Mayo,Mai,5,2,2005,1,4,2005,2
20050515,2005-05-15,1,Sunday,Domingo,Dimanche,15,135,21,May,Mayo,Mai,5,2,2005,1,4,2005,2
20050516,2005-05-16,2,Monday,Lunes,Lundi,16,136,21,May,Mayo,Mai,5,2,2005,1,4,2005,2
20050517,2005-05-17,3,Tuesday,Martes,Mardi,17,137,21,May,Mayo,Mai,5,2,2005,1,4,2005,2
20050518,2005-05-18,4,Wednesday,Miércoles,Mercredi,18,138,21,May,Mayo,Mai,5,2,2005,1,4,2005,2
20050519,2005-05-19,5,Thursday,Jueves,Jeudi,19,139,21,May,Mayo,Mai,5,2,2005,1,4,2005,2
20050520,2005-05-20,6,Friday,Viernes,Vendredi,20,140,21,May,Mayo,Mai,5,2,2005,1,4,2005,2
20050521,2005-05-21,7,Saturday,Sábado,Samedi,21,141,21,May,Mayo,Mai,5,2,2005,1,4,2005,2
20050522,2005-05-22,1,Sunday,Domingo,Dimanche,22,142,22,May,Mayo,Mai,5,2,2005,1,4,2005,2
20050523,2005-05-23,2,Monday,Lunes,Lundi,23,143,22,May,Mayo,Mai,5,2,2005,1,4,2005,2
20050524,2005-05-24,3,Tuesday,Martes,Mardi,24,144,22,May,Mayo,Mai,5,2,2005,1,4,2005,2
20050525,2005-05-25,4,Wednesday,Miércoles,Mercredi,25,145,22,May,Mayo,Mai,5,2,2005,1,4,2005,2
20050526,2005-05-26,5,Thursday,Jueves,Jeudi,26,146,22,May,Mayo,Mai,5,2,2005,1,4,2005,2
20050527,2005-05-27,6,Friday,Viernes,Vendredi,27,147,22,May,Mayo,Mai,5,2,2005,1,4,2005,2
20050528,2005-05-28,7,Saturday,Sábado,Samedi,28,148,22,May,Mayo,Mai,5,2,2005,1,4,2005,2
20050529,2005-05-29,1,Sunday,Domingo,Dimanche,29,149,23,May,Mayo,Mai,5,2,2005,1,4,2005,2
20050530,2005-05-30,2,Monday,Lunes,Lundi,30,150,23,May,Mayo,Mai,5,2,2005,1,4,2005,2
20050531,2005-05-31,3,Tuesday,Martes,Mardi,31,151,23,May,Mayo,Mai,5,2,2005,1,4,2005,2
20050601,2005-06-01,4,Wednesday,Miércoles,Mercredi,1,152,23,June,Junio,Juin,6,2,2005,1,4,2005,2
20050602,2005-06-02,5,Thursday,Jueves,Jeudi,2,153,23,June,Junio,Juin,6,2,2005,1,4,2005,2
20050603,2005-06-03,6,Friday,Viernes,Vendredi,3,154,23,June,Junio,Juin,6,2,2005,1,4,2005,2
20050604,2005-06-04,7,Saturday,Sábado,Samedi,4,155,23,June,Junio,Juin,6,2,2005,1,4,2005,2
20050605,2005-06-05,1,Sunday,Domingo,Dimanche,5,156,24,June,Junio,Juin,6,2,2005,1,4,2005,2
20050606,2005-06-06,2,Monday,Lunes,Lundi,6,157,24,June,Junio,Juin,6,2,2005,1,4,2005,2
20050607,2005-06-07,3,Tuesday,Martes,Mardi,7,158,24,June,Junio,Juin,6,2,2005,1,4,2005,2
20050608,2005-06-08,4,Wednesday,Miércoles,Mercredi,8,159,24,June,Junio,Juin,6,2,2005,1,4,2005,2
20050609,2005-06-09,5,Thursday,Jueves,Jeudi,9,160,24,June,Junio,Juin,6,2,2005,1,4,2005,2
20050610,2005-06-10,6,Friday,Viernes,Vendredi,10,161,24,June,Junio,Juin,6,2,2005,1,4,2005,2
20050611,2005-06-11,7,Saturday,Sábado,Samedi,11,162,24,June,Junio,Juin,6,2,2005,1,4,2005,2
20050612,2005-06-12,1,Sunday,Domingo,Dimanche,12,163,25,June,Junio,Juin,6,2,2005,1,4,2005,2
20050613,2005-06-13,2,Monday,Lunes,Lundi,13,164,25,June,Junio,Juin,6,2,2005,1,4,2005,2
20050614,2005-06-14,3,Tuesday,Martes,Mardi,14,165,25,June,Junio,Juin,6,2,2005,1,4,2005,2
20050615,2005-06-15,4,Wednesday,Miércoles,Mercredi,15,166,25,June,Junio,Juin,6,2,2005,1,4,2005,2
20050616,2005-06-16,5,Thursday,Jueves,Jeudi,16,167,25,June,Junio,Juin,6,2,2005,1,4,2005,2
20050617,2005-06-17,6,Friday,Viernes,Vendredi,17,168,25,June,Junio,Juin,6,2,2005,1,4,2005,2
20050618,2005-06-18,7,Saturday,Sábado,Samedi,18,169,25,June,Junio,Juin,6,2,2005,1,4,2005,2
20050619,2005-06-19,1,Sunday,Domingo,Dimanche,19,170,26,June,Junio,Juin,6,2,2005,1,4,2005,2
20050620,2005-06-20,2,Monday,Lunes,Lundi,20,171,26,June,Junio,Juin,6,2,2005,1,4,2005,2
20050621,2005-06-21,3,Tuesday,Martes,Mardi,21,172,26,June,Junio,Juin,6,2,2005,1,4,2005,2
20050622,2005-06-22,4,Wednesday,Miércoles,Mercredi,22,173,26,June,Junio,Juin,6,2,2005,1,4,2005,2
20050623,2005-06-23,5,Thursday,Jueves,Jeudi,23,174,26,June,Junio,Juin,6,2,2005,1,4,2005,2
20050624,2005-06-24,6,Friday,Viernes,Vendredi,24,175,26,June,Junio,Juin,6,2,2005,1,4,2005,2
20050625,2005-06-25,7,Saturday,Sábado,Samedi,25,176,26,June,Junio,Juin,6,2,2005,1,4,2005,2
20050626,2005-06-26,1,Sunday,Domingo,Dimanche,26,177,27,June,Junio,Juin,6,2,2005,1,4,2005,2
20050627,2005-06-27,2,Monday,Lunes,Lundi,27,178,27,June,Junio,Juin,6,2,2005,1,4,2005,2
20050628,2005-06-28,3,Tuesday,Martes,Mardi,28,179,27,June,Junio,Juin,6,2,2005,1,4,2005,2
20050629,2005-06-29,4,Wednesday,Miércoles,Mercredi,29,180,27,June,Junio,Juin,6,2,2005,1,4,2005,2
20050630,2005-06-30,5,Thursday,Jueves,Jeudi,30,181,27,June,Junio,Juin,6,2,2005,1,4,2005,2
20050701,2005-07-01,6,Friday,Viernes,Vendredi,1,182,27,July,Julio,Juillet,7,3,2005,2,1,2006,1
20050702,2005-07-02,7,Saturday,Sábado,Samedi,2,183,27,July,Julio,Juillet,7,3,2005,2,1,2006,1
20050703,2005-07-03,1,Sunday,Domingo,Dimanche,3,184,28,July,Julio,Juillet,7,3,2005,2,1,2006,1
20050704,2005-07-04,2,Monday,Lunes,Lundi,4,185,28,July,Julio,Juillet,7,3,2005,2,1,2006,1
20050705,2005-07-05,3,Tuesday,Martes,Mardi,5,186,28,July,Julio,Juillet,7,3,2005,2,1,2006,1
20050706,2005-07-06,4,Wednesday,Miércoles,Mercredi,6,187,28,July,Julio,Juillet,7,3,2005,2,1,2006,1
20050707,2005-07-07,5,Thursday,Jueves,Jeudi,7,188,28,July,Julio,Juillet,7,3,2005,2,1,2006,1
20050708,2005-07-08,6,Friday,Viernes,Vendredi,8,189,28,July,Julio,Juillet,7,3,2005,2,1,2006,1
20050709,2005-07-09,7,Saturday,Sábado,Samedi,9,190,28,July,Julio,Juillet,7,3,2005,2,1,2006,1
20050710,2005-07-10,1,Sunday,Domingo,Dimanche,10,191,29,July,Julio,Juillet,7,3,2005,2,1,2006,1
20050711,2005-07-11,2,Monday,Lunes,Lundi,11,192,29,July,Julio,Juillet,7,3,2005,2,1,2006,1
20050712,2005-07-12,3,Tuesday,Martes,Mardi,12,193,29,July,Julio,Juillet,7,3,2005,2,1,2006,1
20050713,2005-07-13,4,Wednesday,Miércoles,Mercredi,13,194,29,July,Julio,Juillet,7,3,2005,2,1,2006,1
20050714,2005-07-14,5,Thursday,Jueves,Jeudi,14,195,29,July,Julio,Juillet,7,3,2005,2,1,2006,1
20050715,2005-07-15,6,Friday,Viernes,Vendredi,15,196,29,July,Julio,Juillet,7,3,2005,2,1,2006,1
20050716,2005-07-16,7,Saturday,Sábado,Samedi,16,197,29,July,Julio,Juillet,7,3,2005,2,1,2006,1
20050717,2005-07-17,1,Sunday,Domingo,Dimanche,17,198,30,July,Julio,Juillet,7,3,2005,2,1,2006,1
20050718,2005-07-18,2,Monday,Lunes,Lundi,18,199,30,July,Julio,Juillet,7,3,2005,2,1,2006,1
20050719,2005-07-19,3,Tuesday,Martes,Mardi,19,200,30,July,Julio,Juillet,7,3,2005,2,1,2006,1
20050720,2005-07-20,4,Wednesday,Miércoles,Mercredi,20,201,30,July,Julio,Juillet,7,3,2005,2,1,2006,1
20050721,2005-07-21,5,Thursday,Jueves,Jeudi,21,202,30,July,Julio,Juillet,7,3,2005,2,1,2006,1
20050722,2005-07-22,6,Friday,Viernes,Vendredi,22,203,30,July,Julio,Juillet,7,3,2005,2,1,2006,1
20050723,2005-07-23,7,Saturday,Sábado,Samedi,23,204,30,July,Julio,Juillet,7,3,2005,2,1,2006,1
20050724,2005-07-24,1,Sunday,Domingo,Dimanche,24,205,31,July,Julio,Juillet,7,3,2005,2,1,2006,1
20050725,2005-07-25,2,Monday,Lunes,Lundi,25,206,31,July,Julio,Juillet,7,3,2005,2,1,2006,1
20050726,2005-07-26,3,Tuesday,Martes,Mardi,26,207,31,July,Julio,Juillet,7,3,2005,2,1,2006,1
20050727,2005-07-27,4,Wednesday,Miércoles,Mercredi,27,208,31,July,Julio,Juillet,7,3,2005,2,1,2006,1
20050728,2005-07-28,5,Thursday,Jueves,Jeudi,28,209,31,July,Julio,Juillet,7,3,2005,2,1,2006,1
20050729,2005-07-29,6,Friday,Viernes,Vendredi,29,210,31,July,Julio,Juillet,7,3,2005,2,1,2006,1
20050730,2005-07-30,7,Saturday,Sábado,Samedi,30,211,31,July,Julio,Juillet,7,3,2005,2,1,2006,1
20050731,2005-07-31,1,Sunday,Domingo,Dimanche,31,212,32,July,Julio,Juillet,7,3,2005,2,1,2006,1
20050801,2005-08-01,2,Monday,Lunes,Lundi,1,213,32,August,Agosto,Août,8,3,2005,2,1,2006,1
20050802,2005-08-02,3,Tuesday,Martes,Mardi,2,214,32,August,Agosto,Août,8,3,2005,2,1,2006,1
20050803,2005-08-03,4,Wednesday,Miércoles,Mercredi,3,215,32,August,Agosto,Août,8,3,2005,2,1,2006,1
20050804,2005-08-04,5,Thursday,Jueves,Jeudi,4,216,32,August,Agosto,Août,8,3,2005,2,1,2006,1
20050805,2005-08-05,6,Friday,Viernes,Vendredi,5,217,32,August,Agosto,Août,8,3,2005,2,1,2006,1
20050806,2005-08-06,7,Saturday,Sábado,Samedi,6,218,32,August,Agosto,Août,8,3,2005,2,1,2006,1
20050807,2005-08-07,1,Sunday,Domingo,Dimanche,7,219,33,August,Agosto,Août,8,3,2005,2,1,2006,1
20050808,2005-08-08,2,Monday,Lunes,Lundi,8,220,33,August,Agosto,Août,8,3,2005,2,1,2006,1
20050809,2005-08-09,3,Tuesday,Martes,Mardi,9,221,33,August,Agosto,Août,8,3,2005,2,1,2006,1
20050810,2005-08-10,4,Wednesday,Miércoles,Mercredi,10,222,33,August,Agosto,Août,8,3,2005,2,1,2006,1
20050811,2005-08-11,5,Thursday,Jueves,Jeudi,11,223,33,August,Agosto,Août,8,3,2005,2,1,2006,1
20050812,2005-08-12,6,Friday,Viernes,Vendredi,12,224,33,August,Agosto,Août,8,3,2005,2,1,2006,1
20050813,2005-08-13,7,Saturday,Sábado,Samedi,13,225,33,August,Agosto,Août,8,3,2005,2,1,2006,1
20050814,2005-08-14,1,Sunday,Domingo,Dimanche,14,226,34,August,Agosto,Août,8,3,2005,2,1,2006,1
20050815,2005-08-15,2,Monday,Lunes,Lundi,15,227,34,August,Agosto,Août,8,3,2005,2,1,2006,1
20050816,2005-08-16,3,Tuesday,Martes,Mardi,16,228,34,August,Agosto,Août,8,3,2005,2,1,2006,1
20050817,2005-08-17,4,Wednesday,Miércoles,Mercredi,17,229,34,August,Agosto,Août,8,3,2005,2,1,2006,1
20050818,2005-08-18,5,Thursday,Jueves,Jeudi,18,230,34,August,Agosto,Août,8,3,2005,2,1,2006,1
20050819,2005-08-19,6,Friday,Viernes,Vendredi,19,231,34,August,Agosto,Août,8,3,2005,2,1,2006,1
20050820,2005-08-20,7,Saturday,Sábado,Samedi,20,232,34,August,Agosto,Août,8,3,2005,2,1,2006,1
20050821,2005-08-21,1,Sunday,Domingo,Dimanche,21,233,35,August,Agosto,Août,8,3,2005,2,1,2006,1
20050822,2005-08-22,2,Monday,Lunes,Lundi,22,234,35,August,Agosto,Août,8,3,2005,2,1,2006,1
20050823,2005-08-23,3,Tuesday,Martes,Mardi,23,235,35,August,Agosto,Août,8,3,2005,2,1,2006,1
20050824,2005-08-24,4,Wednesday,Miércoles,Mercredi,24,236,35,August,Agosto,Août,8,3,2005,2,1,2006,1
20050825,2005-08-25,5,Thursday,Jueves,Jeudi,25,237,35,August,Agosto,Août,8,3,2005,2,1,2006,1
20050826,2005-08-26,6,Friday,Viernes,Vendredi,26,238,35,August,Agosto,Août,8,3,2005,2,1,2006,1
20050827,2005-08-27,7,Saturday,Sábado,Samedi,27,239,35,August,Agosto,Août,8,3,2005,2,1,2006,1
20050828,2005-08-28,1,Sunday,Domingo,Dimanche,28,240,36,August,Agosto,Août,8,3,2005,2,1,2006,1
20050829,2005-08-29,2,Monday,Lunes,Lundi,29,241,36,August,Agosto,Août,8,3,2005,2,1,2006,1
20050830,2005-08-30,3,Tuesday,Martes,Mardi,30,242,36,August,Agosto,Août,8,3,2005,2,1,2006,1
20050831,2005-08-31,4,Wednesday,Miércoles,Mercredi,31,243,36,August,Agosto,Août,8,3,2005,2,1,2006,1
20050901,2005-09-01,5,Thursday,Jueves,Jeudi,1,244,36,September,Septiembre,Septembre,9,3,2005,2,1,2006,1
20050902,2005-09-02,6,Friday,Viernes,Vendredi,2,245,36,September,Septiembre,Septembre,9,3,2005,2,1,2006,1
20050903,2005-09-03,7,Saturday,Sábado,Samedi,3,246,36,September,Septiembre,Septembre,9,3,2005,2,1,2006,1
20050904,2005-09-04,1,Sunday,Domingo,Dimanche,4,247,37,September,Septiembre,Septembre,9,3,2005,2,1,2006,1
20050905,2005-09-05,2,Monday,Lunes,Lundi,5,248,37,September,Septiembre,Septembre,9,3,2005,2,1,2006,1
20050906,2005-09-06,3,Tuesday,Martes,Mardi,6,249,37,September,Septiembre,Septembre,9,3,2005,2,1,2006,1
20050907,2005-09-07,4,Wednesday,Miércoles,Mercredi,7,250,37,September,Septiembre,Septembre,9,3,2005,2,1,2006,1
20050908,2005-09-08,5,Thursday,Jueves,Jeudi,8,251,37,September,Septiembre,Septembre,9,3,2005,2,1,2006,1
20050909,2005-09-09,6,Friday,Viernes,Vendredi,9,252,37,September,Septiembre,Septembre,9,3,2005,2,1,2006,1
20050910,2005-09-10,7,Saturday,Sábado,Samedi,10,253,37,September,Septiembre,Septembre,9,3,2005,2,1,2006,1
20050911,2005-09-11,1,Sunday,Domingo,Dimanche,11,254,38,September,Septiembre,Septembre,9,3,2005,2,1,2006,1
20050912,2005-09-12,2,Monday,Lunes,Lundi,12,255,38,September,Septiembre,Septembre,9,3,2005,2,1,2006,1
20050913,2005-09-13,3,Tuesday,Martes,Mardi,13,256,38,September,Septiembre,Septembre,9,3,2005,2,1,2006,1
20050914,2005-09-14,4,Wednesday,Miércoles,Mercredi,14,257,38,September,Septiembre,Septembre,9,3,2005,2,1,2006,1
20050915,2005-09-15,5,Thursday,Jueves,Jeudi,15,258,38,September,Septiembre,Septembre,9,3,2005,2,1,2006,1
20050916,2005-09-16,6,Friday,Viernes,Vendredi,16,259,38,September,Septiembre,Septembre,9,3,2005,2,1,2006,1
20050917,2005-09-17,7,Saturday,Sábado,Samedi,17,260,38,September,Septiembre,Septembre,9,3,2005,2,1,2006,1
20050918,2005-09-18,1,Sunday,Domingo,Dimanche,18,261,39,September,Septiembre,Septembre,9,3,2005,2,1,2006,1
20050919,2005-09-19,2,Monday,Lunes,Lundi,19,262,39,September,Septiembre,Septembre,9,3,2005,2,1,2006,1
20050920,2005-09-20,3,Tuesday,Martes,Mardi,20,263,39,September,Septiembre,Septembre,9,3,2005,2,1,2006,1
20050921,2005-09-21,4,Wednesday,Miércoles,Mercredi,21,264,39,September,Septiembre,Septembre,9,3,2005,2,1,2006,1
20050922,2005-09-22,5,Thursday,Jueves,Jeudi,22,265,39,September,Septiembre,Septembre,9,3,2005,2,1,2006,1
20050923,2005-09-23,6,Friday,Viernes,Vendredi,23,266,39,September,Septiembre,Septembre,9,3,2005,2,1,2006,1
20050924,2005-09-24,7,Saturday,Sábado,Samedi,24,267,39,September,Septiembre,Septembre,9,3,2005,2,1,2006,1
20050925,2005-09-25,1,Sunday,Domingo,Dimanche,25,268,40,September,Septiembre,Septembre,9,3,2005,2,1,2006,1
20050926,2005-09-26,2,Monday,Lunes,Lundi,26,269,40,September,Septiembre,Septembre,9,3,2005,2,1,2006,1
20050927,2005-09-27,3,Tuesday,Martes,Mardi,27,270,40,September,Septiembre,Septembre,9,3,2005,2,1,2006,1
20050928,2005-09-28,4,Wednesday,Miércoles,Mercredi,28,271,40,September,Septiembre,Septembre,9,3,2005,2,1,2006,1
20050929,2005-09-29,5,Thursday,Jueves,Jeudi,29,272,40,September,Septiembre,Septembre,9,3,2005,2,1,2006,1
20050930,2005-09-30,6,Friday,Viernes,Vendredi,30,273,40,September,Septiembre,Septembre,9,3,2005,2,1,2006,1
20051001,2005-10-01,7,Saturday,Sábado,Samedi,1,274,40,October,Octubre,Octobre,10,4,2005,2,2,2006,1
20051002,2005-10-02,1,Sunday,Domingo,Dimanche,2,275,41,October,Octubre,Octobre,10,4,2005,2,2,2006,1
20051003,2005-10-03,2,Monday,Lunes,Lundi,3,276,41,October,Octubre,Octobre,10,4,2005,2,2,2006,1
20051004,2005-10-04,3,Tuesday,Martes,Mardi,4,277,41,October,Octubre,Octobre,10,4,2005,2,2,2006,1
20051005,2005-10-05,4,Wednesday,Miércoles,Mercredi,5,278,41,October,Octubre,Octobre,10,4,2005,2,2,2006,1
20051006,2005-10-06,5,Thursday,Jueves,Jeudi,6,279,41,October,Octubre,Octobre,10,4,2005,2,2,2006,1
20051007,2005-10-07,6,Friday,Viernes,Vendredi,7,280,41,October,Octubre,Octobre,10,4,2005,2,2,2006,1
20051008,2005-10-08,7,Saturday,Sábado,Samedi,8,281,41,October,Octubre,Octobre,10,4,2005,2,2,2006,1
20051009,2005-10-09,1,Sunday,Domingo,Dimanche,9,282,42,October,Octubre,Octobre,10,4,2005,2,2,2006,1
20051010,2005-10-10,2,Monday,Lunes,Lundi,10,283,42,October,Octubre,Octobre,10,4,2005,2,2,2006,1
20051011,2005-10-11,3,Tuesday,Martes,Mardi,11,284,42,October,Octubre,Octobre,10,4,2005,2,2,2006,1
20051012,2005-10-12,4,Wednesday,Miércoles,Mercredi,12,285,42,October,Octubre,Octobre,10,4,2005,2,2,2006,1
20051013,2005-10-13,5,Thursday,Jueves,Jeudi,13,286,42,October,Octubre,Octobre,10,4,2005,2,2,2006,1
20051014,2005-10-14,6,Friday,Viernes,Vendredi,14,287,42,October,Octubre,Octobre,10,4,2005,2,2,2006,1
20051015,2005-10-15,7,Saturday,Sábado,Samedi,15,288,42,October,Octubre,Octobre,10,4,2005,2,2,2006,1
20051016,2005-10-16,1,Sunday,Domingo,Dimanche,16,289,43,October,Octubre,Octobre,10,4,2005,2,2,2006,1
20051017,2005-10-17,2,Monday,Lunes,Lundi,17,290,43,October,Octubre,Octobre,10,4,2005,2,2,2006,1
20051018,2005-10-18,3,Tuesday,Martes,Mardi,18,291,43,October,Octubre,Octobre,10,4,2005,2,2,2006,1
20051019,2005-10-19,4,Wednesday,Miércoles,Mercredi,19,292,43,October,Octubre,Octobre,10,4,2005,2,2,2006,1
20051020,2005-10-20,5,Thursday,Jueves,Jeudi,20,293,43,October,Octubre,Octobre,10,4,2005,2,2,2006,1
20051021,2005-10-21,6,Friday,Viernes,Vendredi,21,294,43,October,Octubre,Octobre,10,4,2005,2,2,2006,1
20051022,2005-10-22,7,Saturday,Sábado,Samedi,22,295,43,October,Octubre,Octobre,10,4,2005,2,2,2006,1
20051023,2005-10-23,1,Sunday,Domingo,Dimanche,23,296,44,October,Octubre,Octobre,10,4,2005,2,2,2006,1
20051024,2005-10-24,2,Monday,Lunes,Lundi,24,297,44,October,Octubre,Octobre,10,4,2005,2,2,2006,1
20051025,2005-10-25,3,Tuesday,Martes,Mardi,25,298,44,October,Octubre,Octobre,10,4,2005,2,2,2006,1
20051026,2005-10-26,4,Wednesday,Miércoles,Mercredi,26,299,44,October,Octubre,Octobre,10,4,2005,2,2,2006,1
20051027,2005-10-27,5,Thursday,Jueves,Jeudi,27,300,44,October,Octubre,Octobre,10,4,2005,2,2,2006,1
20051028,2005-10-28,6,Friday,Viernes,Vendredi,28,301,44,October,Octubre,Octobre,10,4,2005,2,2,2006,1
20051029,2005-10-29,7,Saturday,Sábado,Samedi,29,302,44,October,Octubre,Octobre,10,4,2005,2,2,2006,1
20051030,2005-10-30,1,Sunday,Domingo,Dimanche,30,303,45,October,Octubre,Octobre,10,4,2005,2,2,2006,1
20051031,2005-10-31,2,Monday,Lunes,Lundi,31,304,45,October,Octubre,Octobre,10,4,2005,2,2,2006,1
20051101,2005-11-01,3,Tuesday,Martes,Mardi,1,305,45,November,Noviembre,Novembre,11,4,2005,2,2,2006,1
20051102,2005-11-02,4,Wednesday,Miércoles,Mercredi,2,306,45,November,Noviembre,Novembre,11,4,2005,2,2,2006,1
20051103,2005-11-03,5,Thursday,Jueves,Jeudi,3,307,45,November,Noviembre,Novembre,11,4,2005,2,2,2006,1
20051104,2005-11-04,6,Friday,Viernes,Vendredi,4,308,45,November,Noviembre,Novembre,11,4,2005,2,2,2006,1
20051105,2005-11-05,7,Saturday,Sábado,Samedi,5,309,45,November,Noviembre,Novembre,11,4,2005,2,2,2006,1
20051106,2005-11-06,1,Sunday,Domingo,Dimanche,6,310,46,November,Noviembre,Novembre,11,4,2005,2,2,2006,1
20051107,2005-11-07,2,Monday,Lunes,Lundi,7,311,46,November,Noviembre,Novembre,11,4,2005,2,2,2006,1
20051108,2005-11-08,3,Tuesday,Martes,Mardi,8,312,46,November,Noviembre,Novembre,11,4,2005,2,2,2006,1
20051109,2005-11-09,4,Wednesday,Miércoles,Mercredi,9,313,46,November,Noviembre,Novembre,11,4,2005,2,2,2006,1
20051110,2005-11-10,5,Thursday,Jueves,Jeudi,10,314,46,November,Noviembre,Novembre,11,4,2005,2,2,2006,1
20051111,2005-11-11,6,Friday,Viernes,Vendredi,11,315,46,November,Noviembre,Novembre,11,4,2005,2,2,2006,1
20051112,2005-11-12,7,Saturday,Sábado,Samedi,12,316,46,November,Noviembre,Novembre,11,4,2005,2,2,2006,1
20051113,2005-11-13,1,Sunday,Domingo,Dimanche,13,317,47,November,Noviembre,Novembre,11,4,2005,2,2,2006,1
20051114,2005-11-14,2,Monday,Lunes,Lundi,14,318,47,November,Noviembre,Novembre,11,4,2005,2,2,2006,1
20051115,2005-11-15,3,Tuesday,Martes,Mardi,15,319,47,November,Noviembre,Novembre,11,4,2005,2,2,2006,1
20051116,2005-11-16,4,Wednesday,Miércoles,Mercredi,16,320,47,November,Noviembre,Novembre,11,4,2005,2,2,2006,1
20051117,2005-11-17,5,Thursday,Jueves,Jeudi,17,321,47,November,Noviembre,Novembre,11,4,2005,2,2,2006,1
20051118,2005-11-18,6,Friday,Viernes,Vendredi,18,322,47,November,Noviembre,Novembre,11,4,2005,2,2,2006,1
20051119,2005-11-19,7,Saturday,Sábado,Samedi,19,323,47,November,Noviembre,Novembre,11,4,2005,2,2,2006,1
20051120,2005-11-20,1,Sunday,Domingo,Dimanche,20,324,48,November,Noviembre,Novembre,11,4,2005,2,2,2006,1
20051121,2005-11-21,2,Monday,Lunes,Lundi,21,325,48,November,Noviembre,Novembre,11,4,2005,2,2,2006,1
20051122,2005-11-22,3,Tuesday,Martes,Mardi,22,326,48,November,Noviembre,Novembre,11,4,2005,2,2,2006,1
20051123,2005-11-23,4,Wednesday,Miércoles,Mercredi,23,327,48,November,Noviembre,Novembre,11,4,2005,2,2,2006,1
20051124,2005-11-24,5,Thursday,Jueves,Jeudi,24,328,48,November,Noviembre,Novembre,11,4,2005,2,2,2006,1
20051125,2005-11-25,6,Friday,Viernes,Vendredi,25,329,48,November,Noviembre,Novembre,11,4,2005,2,2,2006,1
20051126,2005-11-26,7,Saturday,Sábado,Samedi,26,330,48,November,Noviembre,Novembre,11,4,2005,2,2,2006,1
20051127,2005-11-27,1,Sunday,Domingo,Dimanche,27,331,49,November,Noviembre,Novembre,11,4,2005,2,2,2006,1
20051128,2005-11-28,2,Monday,Lunes,Lundi,28,332,49,November,Noviembre,Novembre,11,4,2005,2,2,2006,1
20051129,2005-11-29,3,Tuesday,Martes,Mardi,29,333,49,November,Noviembre,Novembre,11,4,2005,2,2,2006,1
20051130,2005-11-30,4,Wednesday,Miércoles,Mercredi,30,334,49,November,Noviembre,Novembre,11,4,2005,2,2,2006,1
20051201,2005-12-01,5,Thursday,Jueves,Jeudi,1,335,49,December,Diciembre,Décembre,12,4,2005,2,2,2006,1
20051202,2005-12-02,6,Friday,Viernes,Vendredi,2,336,49,December,Diciembre,Décembre,12,4,2005,2,2,2006,1
20051203,2005-12-03,7,Saturday,Sábado,Samedi,3,337,49,December,Diciembre,Décembre,12,4,2005,2,2,2006,1
20051204,2005-12-04,1,Sunday,Domingo,Dimanche,4,338,50,December,Diciembre,Décembre,12,4,2005,2,2,2006,1
20051205,2005-12-05,2,Monday,Lunes,Lundi,5,339,50,December,Diciembre,Décembre,12,4,2005,2,2,2006,1
20051206,2005-12-06,3,Tuesday,Martes,Mardi,6,340,50,December,Diciembre,Décembre,12,4,2005,2,2,2006,1
20051207,2005-12-07,4,Wednesday,Miércoles,Mercredi,7,341,50,December,Diciembre,Décembre,12,4,2005,2,2,2006,1
20051208,2005-12-08,5,Thursday,Jueves,Jeudi,8,342,50,December,Diciembre,Décembre,12,4,2005,2,2,2006,1
20051209,2005-12-09,6,Friday,Viernes,Vendredi,9,343,50,December,Diciembre,Décembre,12,4,2005,2,2,2006,1
20051210,2005-12-10,7,Saturday,Sábado,Samedi,10,344,50,December,Diciembre,Décembre,12,4,2005,2,2,2006,1
20051211,2005-12-11,1,Sunday,Domingo,Dimanche,11,345,51,December,Diciembre,Décembre,12,4,2005,2,2,2006,1
20051212,2005-12-12,2,Monday,Lunes,Lundi,12,346,51,December,Diciembre,Décembre,12,4,2005,2,2,2006,1
20051213,2005-12-13,3,Tuesday,Martes,Mardi,13,347,51,December,Diciembre,Décembre,12,4,2005,2,2,2006,1
20051214,2005-12-14,4,Wednesday,Miércoles,Mercredi,14,348,51,December,Diciembre,Décembre,12,4,2005,2,2,2006,1
20051215,2005-12-15,5,Thursday,Jueves,Jeudi,15,349,51,December,Diciembre,Décembre,12,4,2005,2,2,2006,1
20051216,2005-12-16,6,Friday,Viernes,Vendredi,16,350,51,December,Diciembre,Décembre,12,4,2005,2,2,2006,1
20051217,2005-12-17,7,Saturday,Sábado,Samedi,17,351,51,December,Diciembre,Décembre,12,4,2005,2,2,2006,1
20051218,2005-12-18,1,Sunday,Domingo,Dimanche,18,352,52,December,Diciembre,Décembre,12,4,2005,2,2,2006,1
20051219,2005-12-19,2,Monday,Lunes,Lundi,19,353,52,December,Diciembre,Décembre,12,4,2005,2,2,2006,1
20051220,2005-12-20,3,Tuesday,Martes,Mardi,20,354,52,December,Diciembre,Décembre,12,4,2005,2,2,2006,1
20051221,2005-12-21,4,Wednesday,Miércoles,Mercredi,21,355,52,December,Diciembre,Décembre,12,4,2005,2,2,2006,1
20051222,2005-12-22,5,Thursday,Jueves,Jeudi,22,356,52,December,Diciembre,Décembre,12,4,2005,2,2,2006,1
20051223,2005-12-23,6,Friday,Viernes,Vendredi,23,357,52,December,Diciembre,Décembre,12,4,2005,2,2,2006,1
20051224,2005-12-24,7,Saturday,Sábado,Samedi,24,358,52,December,Diciembre,Décembre,12,4,2005,2,2,2006,1
20051225,2005-12-25,1,Sunday,Domingo,Dimanche,25,359,53,December,Diciembre,Décembre,12,4,2005,2,2,2006,1
20051226,2005-12-26,2,Monday,Lunes,Lundi,26,360,53,December,Diciembre,Décembre,12,4,2005,2,2,2006,1
20051227,2005-12-27,3,Tuesday,Martes,Mardi,27,361,53,December,Diciembre,Décembre,12,4,2005,2,2,2006,1
20051228,2005-12-28,4,Wednesday,Miércoles,Mercredi,28,362,53,December,Diciembre,Décembre,12,4,2005,2,2,2006,1
20051229,2005-12-29,5,Thursday,Jueves,Jeudi,29,363,53,December,Diciembre,Décembre,12,4,2005,2,2,2006,1
20051230,2005-12-30,6,Friday,Viernes,Vendredi,30,364,53,December,Diciembre,Décembre,12,4,2005,2,2,2006,1
20051231,2005-12-31,7,Saturday,Sábado,Samedi,31,365,53,December,Diciembre,Décembre,12,4,2005,2,2,2006,1
20060101,2006-01-01,1,Sunday,Domingo,Dimanche,1,1,1,January,Enero,Janvier,1,1,2006,1,3,2006,2
20060102,2006-01-02,2,Monday,Lunes,Lundi,2,2,1,January,Enero,Janvier,1,1,2006,1,3,2006,2
20060103,2006-01-03,3,Tuesday,Martes,Mardi,3,3,1,January,Enero,Janvier,1,1,2006,1,3,2006,2
20060104,2006-01-04,4,Wednesday,Miércoles,Mercredi,4,4,1,January,Enero,Janvier,1,1,2006,1,3,2006,2
20060105,2006-01-05,5,Thursday,Jueves,Jeudi,5,5,1,January,Enero,Janvier,1,1,2006,1,3,2006,2
20060106,2006-01-06,6,Friday,Viernes,Vendredi,6,6,1,January,Enero,Janvier,1,1,2006,1,3,2006,2
20060107,2006-01-07,7,Saturday,Sábado,Samedi,7,7,1,January,Enero,Janvier,1,1,2006,1,3,2006,2
20060108,2006-01-08,1,Sunday,Domingo,Dimanche,8,8,2,January,Enero,Janvier,1,1,2006,1,3,2006,2
20060109,2006-01-09,2,Monday,Lunes,Lundi,9,9,2,January,Enero,Janvier,1,1,2006,1,3,2006,2
20060110,2006-01-10,3,Tuesday,Martes,Mardi,10,10,2,January,Enero,Janvier,1,1,2006,1,3,2006,2
20060111,2006-01-11,4,Wednesday,Miércoles,Mercredi,11,11,2,January,Enero,Janvier,1,1,2006,1,3,2006,2
20060112,2006-01-12,5,Thursday,Jueves,Jeudi,12,12,2,January,Enero,Janvier,1,1,2006,1,3,2006,2
20060113,2006-01-13,6,Friday,Viernes,Vendredi,13,13,2,January,Enero,Janvier,1,1,2006,1,3,2006,2
20060114,2006-01-14,7,Saturday,Sábado,Samedi,14,14,2,January,Enero,Janvier,1,1,2006,1,3,2006,2
20060115,2006-01-15,1,Sunday,Domingo,Dimanche,15,15,3,January,Enero,Janvier,1,1,2006,1,3,2006,2
20060116,2006-01-16,2,Monday,Lunes,Lundi,16,16,3,January,Enero,Janvier,1,1,2006,1,3,2006,2
20060117,2006-01-17,3,Tuesday,Martes,Mardi,17,17,3,January,Enero,Janvier,1,1,2006,1,3,2006,2
20060118,2006-01-18,4,Wednesday,Miércoles,Mercredi,18,18,3,January,Enero,Janvier,1,1,2006,1,3,2006,2
20060119,2006-01-19,5,Thursday,Jueves,Jeudi,19,19,3,January,Enero,Janvier,1,1,2006,1,3,2006,2
20060120,2006-01-20,6,Friday,Viernes,Vendredi,20,20,3,January,Enero,Janvier,1,1,2006,1,3,2006,2
20060121,2006-01-21,7,Saturday,Sábado,Samedi,21,21,3,January,Enero,Janvier,1,1,2006,1,3,2006,2
20060122,2006-01-22,1,Sunday,Domingo,Dimanche,22,22,4,January,Enero,Janvier,1,1,2006,1,3,2006,2
20060123,2006-01-23,2,Monday,Lunes,Lundi,23,23,4,January,Enero,Janvier,1,1,2006,1,3,2006,2
20060124,2006-01-24,3,Tuesday,Martes,Mardi,24,24,4,January,Enero,Janvier,1,1,2006,1,3,2006,2
20060125,2006-01-25,4,Wednesday,Miércoles,Mercredi,25,25,4,January,Enero,Janvier,1,1,2006,1,3,2006,2
20060126,2006-01-26,5,Thursday,Jueves,Jeudi,26,26,4,January,Enero,Janvier,1,1,2006,1,3,2006,2
20060127,2006-01-27,6,Friday,Viernes,Vendredi,27,27,4,January,Enero,Janvier,1,1,2006,1,3,2006,2
20060128,2006-01-28,7,Saturday,Sábado,Samedi,28,28,4,January,Enero,Janvier,1,1,2006,1,3,2006,2
20060129,2006-01-29,1,Sunday,Domingo,Dimanche,29,29,5,January,Enero,Janvier,1,1,2006,1,3,2006,2
20060130,2006-01-30,2,Monday,Lunes,Lundi,30,30,5,January,Enero,Janvier,1,1,2006,1,3,2006,2
20060131,2006-01-31,3,Tuesday,Martes,Mardi,31,31,5,January,Enero,Janvier,1,1,2006,1,3,2006,2
20060201,2006-02-01,4,Wednesday,Miércoles,Mercredi,1,32,5,February,Febrero,Février,2,1,2006,1,3,2006,2
20060202,2006-02-02,5,Thursday,Jueves,Jeudi,2,33,5,February,Febrero,Février,2,1,2006,1,3,2006,2
20060203,2006-02-03,6,Friday,Viernes,Vendredi,3,34,5,February,Febrero,Février,2,1,2006,1,3,2006,2
20060204,2006-02-04,7,Saturday,Sábado,Samedi,4,35,5,February,Febrero,Février,2,1,2006,1,3,2006,2
20060205,2006-02-05,1,Sunday,Domingo,Dimanche,5,36,6,February,Febrero,Février,2,1,2006,1,3,2006,2
20060206,2006-02-06,2,Monday,Lunes,Lundi,6,37,6,February,Febrero,Février,2,1,2006,1,3,2006,2
20060207,2006-02-07,3,Tuesday,Martes,Mardi,7,38,6,February,Febrero,Février,2,1,2006,1,3,2006,2
20060208,2006-02-08,4,Wednesday,Miércoles,Mercredi,8,39,6,February,Febrero,Février,2,1,2006,1,3,2006,2
20060209,2006-02-09,5,Thursday,Jueves,Jeudi,9,40,6,February,Febrero,Février,2,1,2006,1,3,2006,2
20060210,2006-02-10,6,Friday,Viernes,Vendredi,10,41,6,February,Febrero,Février,2,1,2006,1,3,2006,2
20060211,2006-02-11,7,Saturday,Sábado,Samedi,11,42,6,February,Febrero,Février,2,1,2006,1,3,2006,2
20060212,2006-02-12,1,Sunday,Domingo,Dimanche,12,43,7,February,Febrero,Février,2,1,2006,1,3,2006,2
20060213,2006-02-13,2,Monday,Lunes,Lundi,13,44,7,February,Febrero,Février,2,1,2006,1,3,2006,2
20060214,2006-02-14,3,Tuesday,Martes,Mardi,14,45,7,February,Febrero,Février,2,1,2006,1,3,2006,2
20060215,2006-02-15,4,Wednesday,Miércoles,Mercredi,15,46,7,February,Febrero,Février,2,1,2006,1,3,2006,2
20060216,2006-02-16,5,Thursday,Jueves,Jeudi,16,47,7,February,Febrero,Février,2,1,2006,1,3,2006,2
20060217,2006-02-17,6,Friday,Viernes,Vendredi,17,48,7,February,Febrero,Février,2,1,2006,1,3,2006,2
20060218,2006-02-18,7,Saturday,Sábado,Samedi,18,49,7,February,Febrero,Février,2,1,2006,1,3,2006,2
20060219,2006-02-19,1,Sunday,Domingo,Dimanche,19,50,8,February,Febrero,Février,2,1,2006,1,3,2006,2
20060220,2006-02-20,2,Monday,Lunes,Lundi,20,51,8,February,Febrero,Février,2,1,2006,1,3,2006,2
20060221,2006-02-21,3,Tuesday,Martes,Mardi,21,52,8,February,Febrero,Février,2,1,2006,1,3,2006,2
20060222,2006-02-22,4,Wednesday,Miércoles,Mercredi,22,53,8,February,Febrero,Février,2,1,2006,1,3,2006,2
20060223,2006-02-23,5,Thursday,Jueves,Jeudi,23,54,8,February,Febrero,Février,2,1,2006,1,3,2006,2
20060224,2006-02-24,6,Friday,Viernes,Vendredi,24,55,8,February,Febrero,Février,2,1,2006,1,3,2006,2
20060225,2006-02-25,7,Saturday,Sábado,Samedi,25,56,8,February,Febrero,Février,2,1,2006,1,3,2006,2
20060226,2006-02-26,1,Sunday,Domingo,Dimanche,26,57,9,February,Febrero,Février,2,1,2006,1,3,2006,2
20060227,2006-02-27,2,Monday,Lunes,Lundi,27,58,9,February,Febrero,Février,2,1,2006,1,3,2006,2
20060228,2006-02-28,3,Tuesday,Martes,Mardi,28,59,9,February,Febrero,Février,2,1,2006,1,3,2006,2
20060301,2006-03-01,4,Wednesday,Miércoles,Mercredi,1,60,9,March,Marzo,Mars,3,1,2006,1,3,2006,2
20060302,2006-03-02,5,Thursday,Jueves,Jeudi,2,61,9,March,Marzo,Mars,3,1,2006,1,3,2006,2
20060303,2006-03-03,6,Friday,Viernes,Vendredi,3,62,9,March,Marzo,Mars,3,1,2006,1,3,2006,2
20060304,2006-03-04,7,Saturday,Sábado,Samedi,4,63,9,March,Marzo,Mars,3,1,2006,1,3,2006,2
20060305,2006-03-05,1,Sunday,Domingo,Dimanche,5,64,10,March,Marzo,Mars,3,1,2006,1,3,2006,2
20060306,2006-03-06,2,Monday,Lunes,Lundi,6,65,10,March,Marzo,Mars,3,1,2006,1,3,2006,2
20060307,2006-03-07,3,Tuesday,Martes,Mardi,7,66,10,March,Marzo,Mars,3,1,2006,1,3,2006,2
20060308,2006-03-08,4,Wednesday,Miércoles,Mercredi,8,67,10,March,Marzo,Mars,3,1,2006,1,3,2006,2
20060309,2006-03-09,5,Thursday,Jueves,Jeudi,9,68,10,March,Marzo,Mars,3,1,2006,1,3,2006,2
20060310,2006-03-10,6,Friday,Viernes,Vendredi,10,69,10,March,Marzo,Mars,3,1,2006,1,3,2006,2
20060311,2006-03-11,7,Saturday,Sábado,Samedi,11,70,10,March,Marzo,Mars,3,1,2006,1,3,2006,2
20060312,2006-03-12,1,Sunday,Domingo,Dimanche,12,71,11,March,Marzo,Mars,3,1,2006,1,3,2006,2
20060313,2006-03-13,2,Monday,Lunes,Lundi,13,72,11,March,Marzo,Mars,3,1,2006,1,3,2006,2
20060314,2006-03-14,3,Tuesday,Martes,Mardi,14,73,11,March,Marzo,Mars,3,1,2006,1,3,2006,2
20060315,2006-03-15,4,Wednesday,Miércoles,Mercredi,15,74,11,March,Marzo,Mars,3,1,2006,1,3,2006,2
20060316,2006-03-16,5,Thursday,Jueves,Jeudi,16,75,11,March,Marzo,Mars,3,1,2006,1,3,2006,2
20060317,2006-03-17,6,Friday,Viernes,Vendredi,17,76,11,March,Marzo,Mars,3,1,2006,1,3,2006,2
20060318,2006-03-18,7,Saturday,Sábado,Samedi,18,77,11,March,Marzo,Mars,3,1,2006,1,3,2006,2
20060319,2006-03-19,1,Sunday,Domingo,Dimanche,19,78,12,March,Marzo,Mars,3,1,2006,1,3,2006,2
20060320,2006-03-20,2,Monday,Lunes,Lundi,20,79,12,March,Marzo,Mars,3,1,2006,1,3,2006,2
20060321,2006-03-21,3,Tuesday,Martes,Mardi,21,80,12,March,Marzo,Mars,3,1,2006,1,3,2006,2
20060322,2006-03-22,4,Wednesday,Miércoles,Mercredi,22,81,12,March,Marzo,Mars,3,1,2006,1,3,2006,2
20060323,2006-03-23,5,Thursday,Jueves,Jeudi,23,82,12,March,Marzo,Mars,3,1,2006,1,3,2006,2
20060324,2006-03-24,6,Friday,Viernes,Vendredi,24,83,12,March,Marzo,Mars,3,1,2006,1,3,2006,2
20060325,2006-03-25,7,Saturday,Sábado,Samedi,25,84,12,March,Marzo,Mars,3,1,2006,1,3,2006,2
20060326,2006-03-26,1,Sunday,Domingo,Dimanche,26,85,13,March,Marzo,Mars,3,1,2006,1,3,2006,2
20060327,2006-03-27,2,Monday,Lunes,Lundi,27,86,13,March,Marzo,Mars,3,1,2006,1,3,2006,2
20060328,2006-03-28,3,Tuesday,Martes,Mardi,28,87,13,March,Marzo,Mars,3,1,2006,1,3,2006,2
20060329,2006-03-29,4,Wednesday,Miércoles,Mercredi,29,88,13,March,Marzo,Mars,3,1,2006,1,3,2006,2
20060330,2006-03-30,5,Thursday,Jueves,Jeudi,30,89,13,March,Marzo,Mars,3,1,2006,1,3,2006,2
20060331,2006-03-31,6,Friday,Viernes,Vendredi,31,90,13,March,Marzo,Mars,3,1,2006,1,3,2006,2
20060401,2006-04-01,7,Saturday,Sábado,Samedi,1,91,13,April,Abril,Avril,4,2,2006,1,4,2006,2
20060402,2006-04-02,1,Sunday,Domingo,Dimanche,2,92,14,April,Abril,Avril,4,2,2006,1,4,2006,2
20060403,2006-04-03,2,Monday,Lunes,Lundi,3,93,14,April,Abril,Avril,4,2,2006,1,4,2006,2
20060404,2006-04-04,3,Tuesday,Martes,Mardi,4,94,14,April,Abril,Avril,4,2,2006,1,4,2006,2
20060405,2006-04-05,4,Wednesday,Miércoles,Mercredi,5,95,14,April,Abril,Avril,4,2,2006,1,4,2006,2
20060406,2006-04-06,5,Thursday,Jueves,Jeudi,6,96,14,April,Abril,Avril,4,2,2006,1,4,2006,2
20060407,2006-04-07,6,Friday,Viernes,Vendredi,7,97,14,April,Abril,Avril,4,2,2006,1,4,2006,2
20060408,2006-04-08,7,Saturday,Sábado,Samedi,8,98,14,April,Abril,Avril,4,2,2006,1,4,2006,2
20060409,2006-04-09,1,Sunday,Domingo,Dimanche,9,99,15,April,Abril,Avril,4,2,2006,1,4,2006,2
20060410,2006-04-10,2,Monday,Lunes,Lundi,10,100,15,April,Abril,Avril,4,2,2006,1,4,2006,2
20060411,2006-04-11,3,Tuesday,Martes,Mardi,11,101,15,April,Abril,Avril,4,2,2006,1,4,2006,2
20060412,2006-04-12,4,Wednesday,Miércoles,Mercredi,12,102,15,April,Abril,Avril,4,2,2006,1,4,2006,2
20060413,2006-04-13,5,Thursday,Jueves,Jeudi,13,103,15,April,Abril,Avril,4,2,2006,1,4,2006,2
20060414,2006-04-14,6,Friday,Viernes,Vendredi,14,104,15,April,Abril,Avril,4,2,2006,1,4,2006,2
20060415,2006-04-15,7,Saturday,Sábado,Samedi,15,105,15,April,Abril,Avril,4,2,2006,1,4,2006,2
20060416,2006-04-16,1,Sunday,Domingo,Dimanche,16,106,16,April,Abril,Avril,4,2,2006,1,4,2006,2
20060417,2006-04-17,2,Monday,Lunes,Lundi,17,107,16,April,Abril,Avril,4,2,2006,1,4,2006,2
20060418,2006-04-18,3,Tuesday,Martes,Mardi,18,108,16,April,Abril,Avril,4,2,2006,1,4,2006,2
20060419,2006-04-19,4,Wednesday,Miércoles,Mercredi,19,109,16,April,Abril,Avril,4,2,2006,1,4,2006,2
20060420,2006-04-20,5,Thursday,Jueves,Jeudi,20,110,16,April,Abril,Avril,4,2,2006,1,4,2006,2
20060421,2006-04-21,6,Friday,Viernes,Vendredi,21,111,16,April,Abril,Avril,4,2,2006,1,4,2006,2
20060422,2006-04-22,7,Saturday,Sábado,Samedi,22,112,16,April,Abril,Avril,4,2,2006,1,4,2006,2
20060423,2006-04-23,1,Sunday,Domingo,Dimanche,23,113,17,April,Abril,Avril,4,2,2006,1,4,2006,2
20060424,2006-04-24,2,Monday,Lunes,Lundi,24,114,17,April,Abril,Avril,4,2,2006,1,4,2006,2
20060425,2006-04-25,3,Tuesday,Martes,Mardi,25,115,17,April,Abril,Avril,4,2,2006,1,4,2006,2
20060426,2006-04-26,4,Wednesday,Miércoles,Mercredi,26,116,17,April,Abril,Avril,4,2,2006,1,4,2006,2
20060427,2006-04-27,5,Thursday,Jueves,Jeudi,27,117,17,April,Abril,Avril,4,2,2006,1,4,2006,2
20060428,2006-04-28,6,Friday,Viernes,Vendredi,28,118,17,April,Abril,Avril,4,2,2006,1,4,2006,2
20060429,2006-04-29,7,Saturday,Sábado,Samedi,29,119,17,April,Abril,Avril,4,2,2006,1,4,2006,2
20060430,2006-04-30,1,Sunday,Domingo,Dimanche,30,120,18,April,Abril,Avril,4,2,2006,1,4,2006,2
20060501,2006-05-01,2,Monday,Lunes,Lundi,1,121,18,May,Mayo,Mai,5,2,2006,1,4,2006,2
20060502,2006-05-02,3,Tuesday,Martes,Mardi,2,122,18,May,Mayo,Mai,5,2,2006,1,4,2006,2
20060503,2006-05-03,4,Wednesday,Miércoles,Mercredi,3,123,18,May,Mayo,Mai,5,2,2006,1,4,2006,2
20060504,2006-05-04,5,Thursday,Jueves,Jeudi,4,124,18,May,Mayo,Mai,5,2,2006,1,4,2006,2
20060505,2006-05-05,6,Friday,Viernes,Vendredi,5,125,18,May,Mayo,Mai,5,2,2006,1,4,2006,2
20060506,2006-05-06,7,Saturday,Sábado,Samedi,6,126,18,May,Mayo,Mai,5,2,2006,1,4,2006,2
20060507,2006-05-07,1,Sunday,Domingo,Dimanche,7,127,19,May,Mayo,Mai,5,2,2006,1,4,2006,2
20060508,2006-05-08,2,Monday,Lunes,Lundi,8,128,19,May,Mayo,Mai,5,2,2006,1,4,2006,2
20060509,2006-05-09,3,Tuesday,Martes,Mardi,9,129,19,May,Mayo,Mai,5,2,2006,1,4,2006,2
20060510,2006-05-10,4,Wednesday,Miércoles,Mercredi,10,130,19,May,Mayo,Mai,5,2,2006,1,4,2006,2
20060511,2006-05-11,5,Thursday,Jueves,Jeudi,11,131,19,May,Mayo,Mai,5,2,2006,1,4,2006,2
20060512,2006-05-12,6,Friday,Viernes,Vendredi,12,132,19,May,Mayo,Mai,5,2,2006,1,4,2006,2
20060513,2006-05-13,7,Saturday,Sábado,Samedi,13,133,19,May,Mayo,Mai,5,2,2006,1,4,2006,2
20060514,2006-05-14,1,Sunday,Domingo,Dimanche,14,134,20,May,Mayo,Mai,5,2,2006,1,4,2006,2
20060515,2006-05-15,2,Monday,Lunes,Lundi,15,135,20,May,Mayo,Mai,5,2,2006,1,4,2006,2
20060516,2006-05-16,3,Tuesday,Martes,Mardi,16,136,20,May,Mayo,Mai,5,2,2006,1,4,2006,2
20060517,2006-05-17,4,Wednesday,Miércoles,Mercredi,17,137,20,May,Mayo,Mai,5,2,2006,1,4,2006,2
20060518,2006-05-18,5,Thursday,Jueves,Jeudi,18,138,20,May,Mayo,Mai,5,2,2006,1,4,2006,2
20060519,2006-05-19,6,Friday,Viernes,Vendredi,19,139,20,May,Mayo,Mai,5,2,2006,1,4,2006,2
20060520,2006-05-20,7,Saturday,Sábado,Samedi,20,140,20,May,Mayo,Mai,5,2,2006,1,4,2006,2
20060521,2006-05-21,1,Sunday,Domingo,Dimanche,21,141,21,May,Mayo,Mai,5,2,2006,1,4,2006,2
20060522,2006-05-22,2,Monday,Lunes,Lundi,22,142,21,May,Mayo,Mai,5,2,2006,1,4,2006,2
20060523,2006-05-23,3,Tuesday,Martes,Mardi,23,143,21,May,Mayo,Mai,5,2,2006,1,4,2006,2
20060524,2006-05-24,4,Wednesday,Miércoles,Mercredi,24,144,21,May,Mayo,Mai,5,2,2006,1,4,2006,2
20060525,2006-05-25,5,Thursday,Jueves,Jeudi,25,145,21,May,Mayo,Mai,5,2,2006,1,4,2006,2
20060526,2006-05-26,6,Friday,Viernes,Vendredi,26,146,21,May,Mayo,Mai,5,2,2006,1,4,2006,2
20060527,2006-05-27,7,Saturday,Sábado,Samedi,27,147,21,May,Mayo,Mai,5,2,2006,1,4,2006,2
20060528,2006-05-28,1,Sunday,Domingo,Dimanche,28,148,22,May,Mayo,Mai,5,2,2006,1,4,2006,2
20060529,2006-05-29,2,Monday,Lunes,Lundi,29,149,22,May,Mayo,Mai,5,2,2006,1,4,2006,2
20060530,2006-05-30,3,Tuesday,Martes,Mardi,30,150,22,May,Mayo,Mai,5,2,2006,1,4,2006,2
20060531,2006-05-31,4,Wednesday,Miércoles,Mercredi,31,151,22,May,Mayo,Mai,5,2,2006,1,4,2006,2
20060601,2006-06-01,5,Thursday,Jueves,Jeudi,1,152,22,June,Junio,Juin,6,2,2006,1,4,2006,2
20060602,2006-06-02,6,Friday,Viernes,Vendredi,2,153,22,June,Junio,Juin,6,2,2006,1,4,2006,2
20060603,2006-06-03,7,Saturday,Sábado,Samedi,3,154,22,June,Junio,Juin,6,2,2006,1,4,2006,2
20060604,2006-06-04,1,Sunday,Domingo,Dimanche,4,155,23,June,Junio,Juin,6,2,2006,1,4,2006,2
20060605,2006-06-05,2,Monday,Lunes,Lundi,5,156,23,June,Junio,Juin,6,2,2006,1,4,2006,2
20060606,2006-06-06,3,Tuesday,Martes,Mardi,6,157,23,June,Junio,Juin,6,2,2006,1,4,2006,2
20060607,2006-06-07,4,Wednesday,Miércoles,Mercredi,7,158,23,June,Junio,Juin,6,2,2006,1,4,2006,2
20060608,2006-06-08,5,Thursday,Jueves,Jeudi,8,159,23,June,Junio,Juin,6,2,2006,1,4,2006,2
20060609,2006-06-09,6,Friday,Viernes,Vendredi,9,160,23,June,Junio,Juin,6,2,2006,1,4,2006,2
20060610,2006-06-10,7,Saturday,Sábado,Samedi,10,161,23,June,Junio,Juin,6,2,2006,1,4,2006,2
20060611,2006-06-11,1,Sunday,Domingo,Dimanche,11,162,24,June,Junio,Juin,6,2,2006,1,4,2006,2
20060612,2006-06-12,2,Monday,Lunes,Lundi,12,163,24,June,Junio,Juin,6,2,2006,1,4,2006,2
20060613,2006-06-13,3,Tuesday,Martes,Mardi,13,164,24,June,Junio,Juin,6,2,2006,1,4,2006,2
20060614,2006-06-14,4,Wednesday,Miércoles,Mercredi,14,165,24,June,Junio,Juin,6,2,2006,1,4,2006,2
20060615,2006-06-15,5,Thursday,Jueves,Jeudi,15,166,24,June,Junio,Juin,6,2,2006,1,4,2006,2
20060616,2006-06-16,6,Friday,Viernes,Vendredi,16,167,24,June,Junio,Juin,6,2,2006,1,4,2006,2
20060617,2006-06-17,7,Saturday,Sábado,Samedi,17,168,24,June,Junio,Juin,6,2,2006,1,4,2006,2
20060618,2006-06-18,1,Sunday,Domingo,Dimanche,18,169,25,June,Junio,Juin,6,2,2006,1,4,2006,2
20060619,2006-06-19,2,Monday,Lunes,Lundi,19,170,25,June,Junio,Juin,6,2,2006,1,4,2006,2
20060620,2006-06-20,3,Tuesday,Martes,Mardi,20,171,25,June,Junio,Juin,6,2,2006,1,4,2006,2
20060621,2006-06-21,4,Wednesday,Miércoles,Mercredi,21,172,25,June,Junio,Juin,6,2,2006,1,4,2006,2
20060622,2006-06-22,5,Thursday,Jueves,Jeudi,22,173,25,June,Junio,Juin,6,2,2006,1,4,2006,2
20060623,2006-06-23,6,Friday,Viernes,Vendredi,23,174,25,June,Junio,Juin,6,2,2006,1,4,2006,2
20060624,2006-06-24,7,Saturday,Sábado,Samedi,24,175,25,June,Junio,Juin,6,2,2006,1,4,2006,2
20060625,2006-06-25,1,Sunday,Domingo,Dimanche,25,176,26,June,Junio,Juin,6,2,2006,1,4,2006,2
20060626,2006-06-26,2,Monday,Lunes,Lundi,26,177,26,June,Junio,Juin,6,2,2006,1,4,2006,2
20060627,2006-06-27,3,Tuesday,Martes,Mardi,27,178,26,June,Junio,Juin,6,2,2006,1,4,2006,2
20060628,2006-06-28,4,Wednesday,Miércoles,Mercredi,28,179,26,June,Junio,Juin,6,2,2006,1,4,2006,2
20060629,2006-06-29,5,Thursday,Jueves,Jeudi,29,180,26,June,Junio,Juin,6,2,2006,1,4,2006,2
20060630,2006-06-30,6,Friday,Viernes,Vendredi,30,181,26,June,Junio,Juin,6,2,2006,1,4,2006,2
20060701,2006-07-01,7,Saturday,Sábado,Samedi,1,182,26,July,Julio,Juillet,7,3,2006,2,1,2007,1
20060702,2006-07-02,1,Sunday,Domingo,Dimanche,2,183,27,July,Julio,Juillet,7,3,2006,2,1,2007,1
20060703,2006-07-03,2,Monday,Lunes,Lundi,3,184,27,July,Julio,Juillet,7,3,2006,2,1,2007,1
20060704,2006-07-04,3,Tuesday,Martes,Mardi,4,185,27,July,Julio,Juillet,7,3,2006,2,1,2007,1
20060705,2006-07-05,4,Wednesday,Miércoles,Mercredi,5,186,27,July,Julio,Juillet,7,3,2006,2,1,2007,1
20060706,2006-07-06,5,Thursday,Jueves,Jeudi,6,187,27,July,Julio,Juillet,7,3,2006,2,1,2007,1
20060707,2006-07-07,6,Friday,Viernes,Vendredi,7,188,27,July,Julio,Juillet,7,3,2006,2,1,2007,1
20060708,2006-07-08,7,Saturday,Sábado,Samedi,8,189,27,July,Julio,Juillet,7,3,2006,2,1,2007,1
20060709,2006-07-09,1,Sunday,Domingo,Dimanche,9,190,28,July,Julio,Juillet,7,3,2006,2,1,2007,1
20060710,2006-07-10,2,Monday,Lunes,Lundi,10,191,28,July,Julio,Juillet,7,3,2006,2,1,2007,1
20060711,2006-07-11,3,Tuesday,Martes,Mardi,11,192,28,July,Julio,Juillet,7,3,2006,2,1,2007,1
20060712,2006-07-12,4,Wednesday,Miércoles,Mercredi,12,193,28,July,Julio,Juillet,7,3,2006,2,1,2007,1
20060713,2006-07-13,5,Thursday,Jueves,Jeudi,13,194,28,July,Julio,Juillet,7,3,2006,2,1,2007,1
20060714,2006-07-14,6,Friday,Viernes,Vendredi,14,195,28,July,Julio,Juillet,7,3,2006,2,1,2007,1
20060715,2006-07-15,7,Saturday,Sábado,Samedi,15,196,28,July,Julio,Juillet,7,3,2006,2,1,2007,1
20060716,2006-07-16,1,Sunday,Domingo,Dimanche,16,197,29,July,Julio,Juillet,7,3,2006,2,1,2007,1
20060717,2006-07-17,2,Monday,Lunes,Lundi,17,198,29,July,Julio,Juillet,7,3,2006,2,1,2007,1
20060718,2006-07-18,3,Tuesday,Martes,Mardi,18,199,29,July,Julio,Juillet,7,3,2006,2,1,2007,1
20060719,2006-07-19,4,Wednesday,Miércoles,Mercredi,19,200,29,July,Julio,Juillet,7,3,2006,2,1,2007,1
20060720,2006-07-20,5,Thursday,Jueves,Jeudi,20,201,29,July,Julio,Juillet,7,3,2006,2,1,2007,1
20060721,2006-07-21,6,Friday,Viernes,Vendredi,21,202,29,July,Julio,Juillet,7,3,2006,2,1,2007,1
20060722,2006-07-22,7,Saturday,Sábado,Samedi,22,203,29,July,Julio,Juillet,7,3,2006,2,1,2007,1
20060723,2006-07-23,1,Sunday,Domingo,Dimanche,23,204,30,July,Julio,Juillet,7,3,2006,2,1,2007,1
20060724,2006-07-24,2,Monday,Lunes,Lundi,24,205,30,July,Julio,Juillet,7,3,2006,2,1,2007,1
20060725,2006-07-25,3,Tuesday,Martes,Mardi,25,206,30,July,Julio,Juillet,7,3,2006,2,1,2007,1
20060726,2006-07-26,4,Wednesday,Miércoles,Mercredi,26,207,30,July,Julio,Juillet,7,3,2006,2,1,2007,1
20060727,2006-07-27,5,Thursday,Jueves,Jeudi,27,208,30,July,Julio,Juillet,7,3,2006,2,1,2007,1
20060728,2006-07-28,6,Friday,Viernes,Vendredi,28,209,30,July,Julio,Juillet,7,3,2006,2,1,2007,1
20060729,2006-07-29,7,Saturday,Sábado,Samedi,29,210,30,July,Julio,Juillet,7,3,2006,2,1,2007,1
20060730,2006-07-30,1,Sunday,Domingo,Dimanche,30,211,31,July,Julio,Juillet,7,3,2006,2,1,2007,1
20060731,2006-07-31,2,Monday,Lunes,Lundi,31,212,31,July,Julio,Juillet,7,3,2006,2,1,2007,1
20060801,2006-08-01,3,Tuesday,Martes,Mardi,1,213,31,August,Agosto,Août,8,3,2006,2,1,2007,1
20060802,2006-08-02,4,Wednesday,Miércoles,Mercredi,2,214,31,August,Agosto,Août,8,3,2006,2,1,2007,1
20060803,2006-08-03,5,Thursday,Jueves,Jeudi,3,215,31,August,Agosto,Août,8,3,2006,2,1,2007,1
20060804,2006-08-04,6,Friday,Viernes,Vendredi,4,216,31,August,Agosto,Août,8,3,2006,2,1,2007,1
20060805,2006-08-05,7,Saturday,Sábado,Samedi,5,217,31,August,Agosto,Août,8,3,2006,2,1,2007,1
20060806,2006-08-06,1,Sunday,Domingo,Dimanche,6,218,32,August,Agosto,Août,8,3,2006,2,1,2007,1
20060807,2006-08-07,2,Monday,Lunes,Lundi,7,219,32,August,Agosto,Août,8,3,2006,2,1,2007,1
20060808,2006-08-08,3,Tuesday,Martes,Mardi,8,220,32,August,Agosto,Août,8,3,2006,2,1,2007,1
20060809,2006-08-09,4,Wednesday,Miércoles,Mercredi,9,221,32,August,Agosto,Août,8,3,2006,2,1,2007,1
20060810,2006-08-10,5,Thursday,Jueves,Jeudi,10,222,32,August,Agosto,Août,8,3,2006,2,1,2007,1
20060811,2006-08-11,6,Friday,Viernes,Vendredi,11,223,32,August,Agosto,Août,8,3,2006,2,1,2007,1
20060812,2006-08-12,7,Saturday,Sábado,Samedi,12,224,32,August,Agosto,Août,8,3,2006,2,1,2007,1
20060813,2006-08-13,1,Sunday,Domingo,Dimanche,13,225,33,August,Agosto,Août,8,3,2006,2,1,2007,1
20060814,2006-08-14,2,Monday,Lunes,Lundi,14,226,33,August,Agosto,Août,8,3,2006,2,1,2007,1
20060815,2006-08-15,3,Tuesday,Martes,Mardi,15,227,33,August,Agosto,Août,8,3,2006,2,1,2007,1
20060816,2006-08-16,4,Wednesday,Miércoles,Mercredi,16,228,33,August,Agosto,Août,8,3,2006,2,1,2007,1
20060817,2006-08-17,5,Thursday,Jueves,Jeudi,17,229,33,August,Agosto,Août,8,3,2006,2,1,2007,1
20060818,2006-08-18,6,Friday,Viernes,Vendredi,18,230,33,August,Agosto,Août,8,3,2006,2,1,2007,1
20060819,2006-08-19,7,Saturday,Sábado,Samedi,19,231,33,August,Agosto,Août,8,3,2006,2,1,2007,1
20060820,2006-08-20,1,Sunday,Domingo,Dimanche,20,232,34,August,Agosto,Août,8,3,2006,2,1,2007,1
20060821,2006-08-21,2,Monday,Lunes,Lundi,21,233,34,August,Agosto,Août,8,3,2006,2,1,2007,1
20060822,2006-08-22,3,Tuesday,Martes,Mardi,22,234,34,August,Agosto,Août,8,3,2006,2,1,2007,1
20060823,2006-08-23,4,Wednesday,Miércoles,Mercredi,23,235,34,August,Agosto,Août,8,3,2006,2,1,2007,1
20060824,2006-08-24,5,Thursday,Jueves,Jeudi,24,236,34,August,Agosto,Août,8,3,2006,2,1,2007,1
20060825,2006-08-25,6,Friday,Viernes,Vendredi,25,237,34,August,Agosto,Août,8,3,2006,2,1,2007,1
20060826,2006-08-26,7,Saturday,Sábado,Samedi,26,238,34,August,Agosto,Août,8,3,2006,2,1,2007,1
20060827,2006-08-27,1,Sunday,Domingo,Dimanche,27,239,35,August,Agosto,Août,8,3,2006,2,1,2007,1
20060828,2006-08-28,2,Monday,Lunes,Lundi,28,240,35,August,Agosto,Août,8,3,2006,2,1,2007,1
20060829,2006-08-29,3,Tuesday,Martes,Mardi,29,241,35,August,Agosto,Août,8,3,2006,2,1,2007,1
20060830,2006-08-30,4,Wednesday,Miércoles,Mercredi,30,242,35,August,Agosto,Août,8,3,2006,2,1,2007,1
20060831,2006-08-31,5,Thursday,Jueves,Jeudi,31,243,35,August,Agosto,Août,8,3,2006,2,1,2007,1
20060901,2006-09-01,6,Friday,Viernes,Vendredi,1,244,35,September,Septiembre,Septembre,9,3,2006,2,1,2007,1
20060902,2006-09-02,7,Saturday,Sábado,Samedi,2,245,35,September,Septiembre,Septembre,9,3,2006,2,1,2007,1
20060903,2006-09-03,1,Sunday,Domingo,Dimanche,3,246,36,September,Septiembre,Septembre,9,3,2006,2,1,2007,1
20060904,2006-09-04,2,Monday,Lunes,Lundi,4,247,36,September,Septiembre,Septembre,9,3,2006,2,1,2007,1
20060905,2006-09-05,3,Tuesday,Martes,Mardi,5,248,36,September,Septiembre,Septembre,9,3,2006,2,1,2007,1
20060906,2006-09-06,4,Wednesday,Miércoles,Mercredi,6,249,36,September,Septiembre,Septembre,9,3,2006,2,1,2007,1
20060907,2006-09-07,5,Thursday,Jueves,Jeudi,7,250,36,September,Septiembre,Septembre,9,3,2006,2,1,2007,1
20060908,2006-09-08,6,Friday,Viernes,Vendredi,8,251,36,September,Septiembre,Septembre,9,3,2006,2,1,2007,1
20060909,2006-09-09,7,Saturday,Sábado,Samedi,9,252,36,September,Septiembre,Septembre,9,3,2006,2,1,2007,1
20060910,2006-09-10,1,Sunday,Domingo,Dimanche,10,253,37,September,Septiembre,Septembre,9,3,2006,2,1,2007,1
20060911,2006-09-11,2,Monday,Lunes,Lundi,11,254,37,September,Septiembre,Septembre,9,3,2006,2,1,2007,1
20060912,2006-09-12,3,Tuesday,Martes,Mardi,12,255,37,September,Septiembre,Septembre,9,3,2006,2,1,2007,1
20060913,2006-09-13,4,Wednesday,Miércoles,Mercredi,13,256,37,September,Septiembre,Septembre,9,3,2006,2,1,2007,1
20060914,2006-09-14,5,Thursday,Jueves,Jeudi,14,257,37,September,Septiembre,Septembre,9,3,2006,2,1,2007,1
20060915,2006-09-15,6,Friday,Viernes,Vendredi,15,258,37,September,Septiembre,Septembre,9,3,2006,2,1,2007,1
20060916,2006-09-16,7,Saturday,Sábado,Samedi,16,259,37,September,Septiembre,Septembre,9,3,2006,2,1,2007,1
20060917,2006-09-17,1,Sunday,Domingo,Dimanche,17,260,38,September,Septiembre,Septembre,9,3,2006,2,1,2007,1
20060918,2006-09-18,2,Monday,Lunes,Lundi,18,261,38,September,Septiembre,Septembre,9,3,2006,2,1,2007,1
20060919,2006-09-19,3,Tuesday,Martes,Mardi,19,262,38,September,Septiembre,Septembre,9,3,2006,2,1,2007,1
20060920,2006-09-20,4,Wednesday,Miércoles,Mercredi,20,263,38,September,Septiembre,Septembre,9,3,2006,2,1,2007,1
20060921,2006-09-21,5,Thursday,Jueves,Jeudi,21,264,38,September,Septiembre,Septembre,9,3,2006,2,1,2007,1
20060922,2006-09-22,6,Friday,Viernes,Vendredi,22,265,38,September,Septiembre,Septembre,9,3,2006,2,1,2007,1
20060923,2006-09-23,7,Saturday,Sábado,Samedi,23,266,38,September,Septiembre,Septembre,9,3,2006,2,1,2007,1
20060924,2006-09-24,1,Sunday,Domingo,Dimanche,24,267,39,September,Septiembre,Septembre,9,3,2006,2,1,2007,1
20060925,2006-09-25,2,Monday,Lunes,Lundi,25,268,39,September,Septiembre,Septembre,9,3,2006,2,1,2007,1
20060926,2006-09-26,3,Tuesday,Martes,Mardi,26,269,39,September,Septiembre,Septembre,9,3,2006,2,1,2007,1
20060927,2006-09-27,4,Wednesday,Miércoles,Mercredi,27,270,39,September,Septiembre,Septembre,9,3,2006,2,1,2007,1
20060928,2006-09-28,5,Thursday,Jueves,Jeudi,28,271,39,September,Septiembre,Septembre,9,3,2006,2,1,2007,1
20060929,2006-09-29,6,Friday,Viernes,Vendredi,29,272,39,September,Septiembre,Septembre,9,3,2006,2,1,2007,1
20060930,2006-09-30,7,Saturday,Sábado,Samedi,30,273,39,September,Septiembre,Septembre,9,3,2006,2,1,2007,1
20061001,2006-10-01,1,Sunday,Domingo,Dimanche,1,274,40,October,Octubre,Octobre,10,4,2006,2,2,2007,1
20061002,2006-10-02,2,Monday,Lunes,Lundi,2,275,40,October,Octubre,Octobre,10,4,2006,2,2,2007,1
20061003,2006-10-03,3,Tuesday,Martes,Mardi,3,276,40,October,Octubre,Octobre,10,4,2006,2,2,2007,1
20061004,2006-10-04,4,Wednesday,Miércoles,Mercredi,4,277,40,October,Octubre,Octobre,10,4,2006,2,2,2007,1
20061005,2006-10-05,5,Thursday,Jueves,Jeudi,5,278,40,October,Octubre,Octobre,10,4,2006,2,2,2007,1
20061006,2006-10-06,6,Friday,Viernes,Vendredi,6,279,40,October,Octubre,Octobre,10,4,2006,2,2,2007,1
20061007,2006-10-07,7,Saturday,Sábado,Samedi,7,280,40,October,Octubre,Octobre,10,4,2006,2,2,2007,1
20061008,2006-10-08,1,Sunday,Domingo,Dimanche,8,281,41,October,Octubre,Octobre,10,4,2006,2,2,2007,1
20061009,2006-10-09,2,Monday,Lunes,Lundi,9,282,41,October,Octubre,Octobre,10,4,2006,2,2,2007,1
20061010,2006-10-10,3,Tuesday,Martes,Mardi,10,283,41,October,Octubre,Octobre,10,4,2006,2,2,2007,1
20061011,2006-10-11,4,Wednesday,Miércoles,Mercredi,11,284,41,October,Octubre,Octobre,10,4,2006,2,2,2007,1
20061012,2006-10-12,5,Thursday,Jueves,Jeudi,12,285,41,October,Octubre,Octobre,10,4,2006,2,2,2007,1
20061013,2006-10-13,6,Friday,Viernes,Vendredi,13,286,41,October,Octubre,Octobre,10,4,2006,2,2,2007,1
20061014,2006-10-14,7,Saturday,Sábado,Samedi,14,287,41,October,Octubre,Octobre,10,4,2006,2,2,2007,1
20061015,2006-10-15,1,Sunday,Domingo,Dimanche,15,288,42,October,Octubre,Octobre,10,4,2006,2,2,2007,1
20061016,2006-10-16,2,Monday,Lunes,Lundi,16,289,42,October,Octubre,Octobre,10,4,2006,2,2,2007,1
20061017,2006-10-17,3,Tuesday,Martes,Mardi,17,290,42,October,Octubre,Octobre,10,4,2006,2,2,2007,1
20061018,2006-10-18,4,Wednesday,Miércoles,Mercredi,18,291,42,October,Octubre,Octobre,10,4,2006,2,2,2007,1
20061019,2006-10-19,5,Thursday,Jueves,Jeudi,19,292,42,October,Octubre,Octobre,10,4,2006,2,2,2007,1
20061020,2006-10-20,6,Friday,Viernes,Vendredi,20,293,42,October,Octubre,Octobre,10,4,2006,2,2,2007,1
20061021,2006-10-21,7,Saturday,Sábado,Samedi,21,294,42,October,Octubre,Octobre,10,4,2006,2,2,2007,1
20061022,2006-10-22,1,Sunday,Domingo,Dimanche,22,295,43,October,Octubre,Octobre,10,4,2006,2,2,2007,1
20061023,2006-10-23,2,Monday,Lunes,Lundi,23,296,43,October,Octubre,Octobre,10,4,2006,2,2,2007,1
20061024,2006-10-24,3,Tuesday,Martes,Mardi,24,297,43,October,Octubre,Octobre,10,4,2006,2,2,2007,1
20061025,2006-10-25,4,Wednesday,Miércoles,Mercredi,25,298,43,October,Octubre,Octobre,10,4,2006,2,2,2007,1
20061026,2006-10-26,5,Thursday,Jueves,Jeudi,26,299,43,October,Octubre,Octobre,10,4,2006,2,2,2007,1
20061027,2006-10-27,6,Friday,Viernes,Vendredi,27,300,43,October,Octubre,Octobre,10,4,2006,2,2,2007,1
20061028,2006-10-28,7,Saturday,Sábado,Samedi,28,301,43,October,Octubre,Octobre,10,4,2006,2,2,2007,1
20061029,2006-10-29,1,Sunday,Domingo,Dimanche,29,302,44,October,Octubre,Octobre,10,4,2006,2,2,2007,1
20061030,2006-10-30,2,Monday,Lunes,Lundi,30,303,44,October,Octubre,Octobre,10,4,2006,2,2,2007,1
20061031,2006-10-31,3,Tuesday,Martes,Mardi,31,304,44,October,Octubre,Octobre,10,4,2006,2,2,2007,1
20061101,2006-11-01,4,Wednesday,Miércoles,Mercredi,1,305,44,November,Noviembre,Novembre,11,4,2006,2,2,2007,1
20061102,2006-11-02,5,Thursday,Jueves,Jeudi,2,306,44,November,Noviembre,Novembre,11,4,2006,2,2,2007,1
20061103,2006-11-03,6,Friday,Viernes,Vendredi,3,307,44,November,Noviembre,Novembre,11,4,2006,2,2,2007,1
20061104,2006-11-04,7,Saturday,Sábado,Samedi,4,308,44,November,Noviembre,Novembre,11,4,2006,2,2,2007,1
20061105,2006-11-05,1,Sunday,Domingo,Dimanche,5,309,45,November,Noviembre,Novembre,11,4,2006,2,2,2007,1
20061106,2006-11-06,2,Monday,Lunes,Lundi,6,310,45,November,Noviembre,Novembre,11,4,2006,2,2,2007,1
20061107,2006-11-07,3,Tuesday,Martes,Mardi,7,311,45,November,Noviembre,Novembre,11,4,2006,2,2,2007,1
20061108,2006-11-08,4,Wednesday,Miércoles,Mercredi,8,312,45,November,Noviembre,Novembre,11,4,2006,2,2,2007,1
20061109,2006-11-09,5,Thursday,Jueves,Jeudi,9,313,45,November,Noviembre,Novembre,11,4,2006,2,2,2007,1
20061110,2006-11-10,6,Friday,Viernes,Vendredi,10,314,45,November,Noviembre,Novembre,11,4,2006,2,2,2007,1
20061111,2006-11-11,7,Saturday,Sábado,Samedi,11,315,45,November,Noviembre,Novembre,11,4,2006,2,2,2007,1
20061112,2006-11-12,1,Sunday,Domingo,Dimanche,12,316,46,November,Noviembre,Novembre,11,4,2006,2,2,2007,1
20061113,2006-11-13,2,Monday,Lunes,Lundi,13,317,46,November,Noviembre,Novembre,11,4,2006,2,2,2007,1
20061114,2006-11-14,3,Tuesday,Martes,Mardi,14,318,46,November,Noviembre,Novembre,11,4,2006,2,2,2007,1
20061115,2006-11-15,4,Wednesday,Miércoles,Mercredi,15,319,46,November,Noviembre,Novembre,11,4,2006,2,2,2007,1
20061116,2006-11-16,5,Thursday,Jueves,Jeudi,16,320,46,November,Noviembre,Novembre,11,4,2006,2,2,2007,1
20061117,2006-11-17,6,Friday,Viernes,Vendredi,17,321,46,November,Noviembre,Novembre,11,4,2006,2,2,2007,1
20061118,2006-11-18,7,Saturday,Sábado,Samedi,18,322,46,November,Noviembre,Novembre,11,4,2006,2,2,2007,1
20061119,2006-11-19,1,Sunday,Domingo,Dimanche,19,323,47,November,Noviembre,Novembre,11,4,2006,2,2,2007,1
20061120,2006-11-20,2,Monday,Lunes,Lundi,20,324,47,November,Noviembre,Novembre,11,4,2006,2,2,2007,1
20061121,2006-11-21,3,Tuesday,Martes,Mardi,21,325,47,November,Noviembre,Novembre,11,4,2006,2,2,2007,1
20061122,2006-11-22,4,Wednesday,Miércoles,Mercredi,22,326,47,November,Noviembre,Novembre,11,4,2006,2,2,2007,1
20061123,2006-11-23,5,Thursday,Jueves,Jeudi,23,327,47,November,Noviembre,Novembre,11,4,2006,2,2,2007,1
20061124,2006-11-24,6,Friday,Viernes,Vendredi,24,328,47,November,Noviembre,Novembre,11,4,2006,2,2,2007,1
20061125,2006-11-25,7,Saturday,Sábado,Samedi,25,329,47,November,Noviembre,Novembre,11,4,2006,2,2,2007,1
20061126,2006-11-26,1,Sunday,Domingo,Dimanche,26,330,48,November,Noviembre,Novembre,11,4,2006,2,2,2007,1
20061127,2006-11-27,2,Monday,Lunes,Lundi,27,331,48,November,Noviembre,Novembre,11,4,2006,2,2,2007,1
20061128,2006-11-28,3,Tuesday,Martes,Mardi,28,332,48,November,Noviembre,Novembre,11,4,2006,2,2,2007,1
20061129,2006-11-29,4,Wednesday,Miércoles,Mercredi,29,333,48,November,Noviembre,Novembre,11,4,2006,2,2,2007,1
20061130,2006-11-30,5,Thursday,Jueves,Jeudi,30,334,48,November,Noviembre,Novembre,11,4,2006,2,2,2007,1
20061201,2006-12-01,6,Friday,Viernes,Vendredi,1,335,48,December,Diciembre,Décembre,12,4,2006,2,2,2007,1
20061202,2006-12-02,7,Saturday,Sábado,Samedi,2,336,48,December,Diciembre,Décembre,12,4,2006,2,2,2007,1
20061203,2006-12-03,1,Sunday,Domingo,Dimanche,3,337,49,December,Diciembre,Décembre,12,4,2006,2,2,2007,1
20061204,2006-12-04,2,Monday,Lunes,Lundi,4,338,49,December,Diciembre,Décembre,12,4,2006,2,2,2007,1
20061205,2006-12-05,3,Tuesday,Martes,Mardi,5,339,49,December,Diciembre,Décembre,12,4,2006,2,2,2007,1
20061206,2006-12-06,4,Wednesday,Miércoles,Mercredi,6,340,49,December,Diciembre,Décembre,12,4,2006,2,2,2007,1
20061207,2006-12-07,5,Thursday,Jueves,Jeudi,7,341,49,December,Diciembre,Décembre,12,4,2006,2,2,2007,1
20061208,2006-12-08,6,Friday,Viernes,Vendredi,8,342,49,December,Diciembre,Décembre,12,4,2006,2,2,2007,1
20061209,2006-12-09,7,Saturday,Sábado,Samedi,9,343,49,December,Diciembre,Décembre,12,4,2006,2,2,2007,1
20061210,2006-12-10,1,Sunday,Domingo,Dimanche,10,344,50,December,Diciembre,Décembre,12,4,2006,2,2,2007,1
20061211,2006-12-11,2,Monday,Lunes,Lundi,11,345,50,December,Diciembre,Décembre,12,4,2006,2,2,2007,1
20061212,2006-12-12,3,Tuesday,Martes,Mardi,12,346,50,December,Diciembre,Décembre,12,4,2006,2,2,2007,1
20061213,2006-12-13,4,Wednesday,Miércoles,Mercredi,13,347,50,December,Diciembre,Décembre,12,4,2006,2,2,2007,1
20061214,2006-12-14,5,Thursday,Jueves,Jeudi,14,348,50,December,Diciembre,Décembre,12,4,2006,2,2,2007,1
20061215,2006-12-15,6,Friday,Viernes,Vendredi,15,349,50,December,Diciembre,Décembre,12,4,2006,2,2,2007,1
20061216,2006-12-16,7,Saturday,Sábado,Samedi,16,350,50,December,Diciembre,Décembre,12,4,2006,2,2,2007,1
20061217,2006-12-17,1,Sunday,Domingo,Dimanche,17,351,51,December,Diciembre,Décembre,12,4,2006,2,2,2007,1
20061218,2006-12-18,2,Monday,Lunes,Lundi,18,352,51,December,Diciembre,Décembre,12,4,2006,2,2,2007,1
20061219,2006-12-19,3,Tuesday,Martes,Mardi,19,353,51,December,Diciembre,Décembre,12,4,2006,2,2,2007,1
20061220,2006-12-20,4,Wednesday,Miércoles,Mercredi,20,354,51,December,Diciembre,Décembre,12,4,2006,2,2,2007,1
20061221,2006-12-21,5,Thursday,Jueves,Jeudi,21,355,51,December,Diciembre,Décembre,12,4,2006,2,2,2007,1
20061222,2006-12-22,6,Friday,Viernes,Vendredi,22,356,51,December,Diciembre,Décembre,12,4,2006,2,2,2007,1
20061223,2006-12-23,7,Saturday,Sábado,Samedi,23,357,51,December,Diciembre,Décembre,12,4,2006,2,2,2007,1
20061224,2006-12-24,1,Sunday,Domingo,Dimanche,24,358,52,December,Diciembre,Décembre,12,4,2006,2,2,2007,1
20061225,2006-12-25,2,Monday,Lunes,Lundi,25,359,52,December,Diciembre,Décembre,12,4,2006,2,2,2007,1
20061226,2006-12-26,3,Tuesday,Martes,Mardi,26,360,52,December,Diciembre,Décembre,12,4,2006,2,2,2007,1
20061227,2006-12-27,4,Wednesday,Miércoles,Mercredi,27,361,52,December,Diciembre,Décembre,12,4,2006,2,2,2007,1
20061228,2006-12-28,5,Thursday,Jueves,Jeudi,28,362,52,December,Diciembre,Décembre,12,4,2006,2,2,2007,1
20061229,2006-12-29,6,Friday,Viernes,Vendredi,29,363,52,December,Diciembre,Décembre,12,4,2006,2,2,2007,1
20061230,2006-12-30,7,Saturday,Sábado,Samedi,30,364,52,December,Diciembre,Décembre,12,4,2006,2,2,2007,1
20061231,2006-12-31,1,Sunday,Domingo,Dimanche,31,365,53,December,Diciembre,Décembre,12,4,2006,2,2,2007,1
20070101,2007-01-01,2,Monday,Lunes,Lundi,1,1,1,January,Enero,Janvier,1,1,2007,1,3,2007,2
20070102,2007-01-02,3,Tuesday,Martes,Mardi,2,2,1,January,Enero,Janvier,1,1,2007,1,3,2007,2
20070103,2007-01-03,4,Wednesday,Miércoles,Mercredi,3,3,1,January,Enero,Janvier,1,1,2007,1,3,2007,2
20070104,2007-01-04,5,Thursday,Jueves,Jeudi,4,4,1,January,Enero,Janvier,1,1,2007,1,3,2007,2
20070105,2007-01-05,6,Friday,Viernes,Vendredi,5,5,1,January,Enero,Janvier,1,1,2007,1,3,2007,2
20070106,2007-01-06,7,Saturday,Sábado,Samedi,6,6,1,January,Enero,Janvier,1,1,2007,1,3,2007,2
20070107,2007-01-07,1,Sunday,Domingo,Dimanche,7,7,2,January,Enero,Janvier,1,1,2007,1,3,2007,2
20070108,2007-01-08,2,Monday,Lunes,Lundi,8,8,2,January,Enero,Janvier,1,1,2007,1,3,2007,2
20070109,2007-01-09,3,Tuesday,Martes,Mardi,9,9,2,January,Enero,Janvier,1,1,2007,1,3,2007,2
20070110,2007-01-10,4,Wednesday,Miércoles,Mercredi,10,10,2,January,Enero,Janvier,1,1,2007,1,3,2007,2
20070111,2007-01-11,5,Thursday,Jueves,Jeudi,11,11,2,January,Enero,Janvier,1,1,2007,1,3,2007,2
20070112,2007-01-12,6,Friday,Viernes,Vendredi,12,12,2,January,Enero,Janvier,1,1,2007,1,3,2007,2
20070113,2007-01-13,7,Saturday,Sábado,Samedi,13,13,2,January,Enero,Janvier,1,1,2007,1,3,2007,2
20070114,2007-01-14,1,Sunday,Domingo,Dimanche,14,14,3,January,Enero,Janvier,1,1,2007,1,3,2007,2
20070115,2007-01-15,2,Monday,Lunes,Lundi,15,15,3,January,Enero,Janvier,1,1,2007,1,3,2007,2
20070116,2007-01-16,3,Tuesday,Martes,Mardi,16,16,3,January,Enero,Janvier,1,1,2007,1,3,2007,2
20070117,2007-01-17,4,Wednesday,Miércoles,Mercredi,17,17,3,January,Enero,Janvier,1,1,2007,1,3,2007,2
20070118,2007-01-18,5,Thursday,Jueves,Jeudi,18,18,3,January,Enero,Janvier,1,1,2007,1,3,2007,2
20070119,2007-01-19,6,Friday,Viernes,Vendredi,19,19,3,January,Enero,Janvier,1,1,2007,1,3,2007,2
20070120,2007-01-20,7,Saturday,Sábado,Samedi,20,20,3,January,Enero,Janvier,1,1,2007,1,3,2007,2
20070121,2007-01-21,1,Sunday,Domingo,Dimanche,21,21,4,January,Enero,Janvier,1,1,2007,1,3,2007,2
20070122,2007-01-22,2,Monday,Lunes,Lundi,22,22,4,January,Enero,Janvier,1,1,2007,1,3,2007,2
20070123,2007-01-23,3,Tuesday,Martes,Mardi,23,23,4,January,Enero,Janvier,1,1,2007,1,3,2007,2
20070124,2007-01-24,4,Wednesday,Miércoles,Mercredi,24,24,4,January,Enero,Janvier,1,1,2007,1,3,2007,2
20070125,2007-01-25,5,Thursday,Jueves,Jeudi,25,25,4,January,Enero,Janvier,1,1,2007,1,3,2007,2
20070126,2007-01-26,6,Friday,Viernes,Vendredi,26,26,4,January,Enero,Janvier,1,1,2007,1,3,2007,2
20070127,2007-01-27,7,Saturday,Sábado,Samedi,27,27,4,January,Enero,Janvier,1,1,2007,1,3,2007,2
20070128,2007-01-28,1,Sunday,Domingo,Dimanche,28,28,5,January,Enero,Janvier,1,1,2007,1,3,2007,2
20070129,2007-01-29,2,Monday,Lunes,Lundi,29,29,5,January,Enero,Janvier,1,1,2007,1,3,2007,2
20070130,2007-01-30,3,Tuesday,Martes,Mardi,30,30,5,January,Enero,Janvier,1,1,2007,1,3,2007,2
20070131,2007-01-31,4,Wednesday,Miércoles,Mercredi,31,31,5,January,Enero,Janvier,1,1,2007,1,3,2007,2
20070201,2007-02-01,5,Thursday,Jueves,Jeudi,1,32,5,February,Febrero,Février,2,1,2007,1,3,2007,2
20070202,2007-02-02,6,Friday,Viernes,Vendredi,2,33,5,February,Febrero,Février,2,1,2007,1,3,2007,2
20070203,2007-02-03,7,Saturday,Sábado,Samedi,3,34,5,February,Febrero,Février,2,1,2007,1,3,2007,2
20070204,2007-02-04,1,Sunday,Domingo,Dimanche,4,35,6,February,Febrero,Février,2,1,2007,1,3,2007,2
20070205,2007-02-05,2,Monday,Lunes,Lundi,5,36,6,February,Febrero,Février,2,1,2007,1,3,2007,2
20070206,2007-02-06,3,Tuesday,Martes,Mardi,6,37,6,February,Febrero,Février,2,1,2007,1,3,2007,2
20070207,2007-02-07,4,Wednesday,Miércoles,Mercredi,7,38,6,February,Febrero,Février,2,1,2007,1,3,2007,2
20070208,2007-02-08,5,Thursday,Jueves,Jeudi,8,39,6,February,Febrero,Février,2,1,2007,1,3,2007,2
20070209,2007-02-09,6,Friday,Viernes,Vendredi,9,40,6,February,Febrero,Février,2,1,2007,1,3,2007,2
20070210,2007-02-10,7,Saturday,Sábado,Samedi,10,41,6,February,Febrero,Février,2,1,2007,1,3,2007,2
20070211,2007-02-11,1,Sunday,Domingo,Dimanche,11,42,7,February,Febrero,Février,2,1,2007,1,3,2007,2
20070212,2007-02-12,2,Monday,Lunes,Lundi,12,43,7,February,Febrero,Février,2,1,2007,1,3,2007,2
20070213,2007-02-13,3,Tuesday,Martes,Mardi,13,44,7,February,Febrero,Février,2,1,2007,1,3,2007,2
20070214,2007-02-14,4,Wednesday,Miércoles,Mercredi,14,45,7,February,Febrero,Février,2,1,2007,1,3,2007,2
20070215,2007-02-15,5,Thursday,Jueves,Jeudi,15,46,7,February,Febrero,Février,2,1,2007,1,3,2007,2
20070216,2007-02-16,6,Friday,Viernes,Vendredi,16,47,7,February,Febrero,Février,2,1,2007,1,3,2007,2
20070217,2007-02-17,7,Saturday,Sábado,Samedi,17,48,7,February,Febrero,Février,2,1,2007,1,3,2007,2
20070218,2007-02-18,1,Sunday,Domingo,Dimanche,18,49,8,February,Febrero,Février,2,1,2007,1,3,2007,2
20070219,2007-02-19,2,Monday,Lunes,Lundi,19,50,8,February,Febrero,Février,2,1,2007,1,3,2007,2
20070220,2007-02-20,3,Tuesday,Martes,Mardi,20,51,8,February,Febrero,Février,2,1,2007,1,3,2007,2
20070221,2007-02-21,4,Wednesday,Miércoles,Mercredi,21,52,8,February,Febrero,Février,2,1,2007,1,3,2007,2
20070222,2007-02-22,5,Thursday,Jueves,Jeudi,22,53,8,February,Febrero,Février,2,1,2007,1,3,2007,2
20070223,2007-02-23,6,Friday,Viernes,Vendredi,23,54,8,February,Febrero,Février,2,1,2007,1,3,2007,2
20070224,2007-02-24,7,Saturday,Sábado,Samedi,24,55,8,February,Febrero,Février,2,1,2007,1,3,2007,2
20070225,2007-02-25,1,Sunday,Domingo,Dimanche,25,56,9,February,Febrero,Février,2,1,2007,1,3,2007,2
20070226,2007-02-26,2,Monday,Lunes,Lundi,26,57,9,February,Febrero,Février,2,1,2007,1,3,2007,2
20070227,2007-02-27,3,Tuesday,Martes,Mardi,27,58,9,February,Febrero,Février,2,1,2007,1,3,2007,2
20070228,2007-02-28,4,Wednesday,Miércoles,Mercredi,28,59,9,February,Febrero,Février,2,1,2007,1,3,2007,2
20070301,2007-03-01,5,Thursday,Jueves,Jeudi,1,60,9,March,Marzo,Mars,3,1,2007,1,3,2007,2
20070302,2007-03-02,6,Friday,Viernes,Vendredi,2,61,9,March,Marzo,Mars,3,1,2007,1,3,2007,2
20070303,2007-03-03,7,Saturday,Sábado,Samedi,3,62,9,March,Marzo,Mars,3,1,2007,1,3,2007,2
20070304,2007-03-04,1,Sunday,Domingo,Dimanche,4,63,10,March,Marzo,Mars,3,1,2007,1,3,2007,2
20070305,2007-03-05,2,Monday,Lunes,Lundi,5,64,10,March,Marzo,Mars,3,1,2007,1,3,2007,2
20070306,2007-03-06,3,Tuesday,Martes,Mardi,6,65,10,March,Marzo,Mars,3,1,2007,1,3,2007,2
20070307,2007-03-07,4,Wednesday,Miércoles,Mercredi,7,66,10,March,Marzo,Mars,3,1,2007,1,3,2007,2
20070308,2007-03-08,5,Thursday,Jueves,Jeudi,8,67,10,March,Marzo,Mars,3,1,2007,1,3,2007,2
20070309,2007-03-09,6,Friday,Viernes,Vendredi,9,68,10,March,Marzo,Mars,3,1,2007,1,3,2007,2
20070310,2007-03-10,7,Saturday,Sábado,Samedi,10,69,10,March,Marzo,Mars,3,1,2007,1,3,2007,2
20070311,2007-03-11,1,Sunday,Domingo,Dimanche,11,70,11,March,Marzo,Mars,3,1,2007,1,3,2007,2
20070312,2007-03-12,2,Monday,Lunes,Lundi,12,71,11,March,Marzo,Mars,3,1,2007,1,3,2007,2
20070313,2007-03-13,3,Tuesday,Martes,Mardi,13,72,11,March,Marzo,Mars,3,1,2007,1,3,2007,2
20070314,2007-03-14,4,Wednesday,Miércoles,Mercredi,14,73,11,March,Marzo,Mars,3,1,2007,1,3,2007,2
20070315,2007-03-15,5,Thursday,Jueves,Jeudi,15,74,11,March,Marzo,Mars,3,1,2007,1,3,2007,2
20070316,2007-03-16,6,Friday,Viernes,Vendredi,16,75,11,March,Marzo,Mars,3,1,2007,1,3,2007,2
20070317,2007-03-17,7,Saturday,Sábado,Samedi,17,76,11,March,Marzo,Mars,3,1,2007,1,3,2007,2
20070318,2007-03-18,1,Sunday,Domingo,Dimanche,18,77,12,March,Marzo,Mars,3,1,2007,1,3,2007,2
20070319,2007-03-19,2,Monday,Lunes,Lundi,19,78,12,March,Marzo,Mars,3,1,2007,1,3,2007,2
20070320,2007-03-20,3,Tuesday,Martes,Mardi,20,79,12,March,Marzo,Mars,3,1,2007,1,3,2007,2
20070321,2007-03-21,4,Wednesday,Miércoles,Mercredi,21,80,12,March,Marzo,Mars,3,1,2007,1,3,2007,2
20070322,2007-03-22,5,Thursday,Jueves,Jeudi,22,81,12,March,Marzo,Mars,3,1,2007,1,3,2007,2
20070323,2007-03-23,6,Friday,Viernes,Vendredi,23,82,12,March,Marzo,Mars,3,1,2007,1,3,2007,2
20070324,2007-03-24,7,Saturday,Sábado,Samedi,24,83,12,March,Marzo,Mars,3,1,2007,1,3,2007,2
20070325,2007-03-25,1,Sunday,Domingo,Dimanche,25,84,13,March,Marzo,Mars,3,1,2007,1,3,2007,2
20070326,2007-03-26,2,Monday,Lunes,Lundi,26,85,13,March,Marzo,Mars,3,1,2007,1,3,2007,2
20070327,2007-03-27,3,Tuesday,Martes,Mardi,27,86,13,March,Marzo,Mars,3,1,2007,1,3,2007,2
20070328,2007-03-28,4,Wednesday,Miércoles,Mercredi,28,87,13,March,Marzo,Mars,3,1,2007,1,3,2007,2
20070329,2007-03-29,5,Thursday,Jueves,Jeudi,29,88,13,March,Marzo,Mars,3,1,2007,1,3,2007,2
20070330,2007-03-30,6,Friday,Viernes,Vendredi,30,89,13,March,Marzo,Mars,3,1,2007,1,3,2007,2
20070331,2007-03-31,7,Saturday,Sábado,Samedi,31,90,13,March,Marzo,Mars,3,1,2007,1,3,2007,2
20070401,2007-04-01,1,Sunday,Domingo,Dimanche,1,91,14,April,Abril,Avril,4,2,2007,1,4,2007,2
20070402,2007-04-02,2,Monday,Lunes,Lundi,2,92,14,April,Abril,Avril,4,2,2007,1,4,2007,2
20070403,2007-04-03,3,Tuesday,Martes,Mardi,3,93,14,April,Abril,Avril,4,2,2007,1,4,2007,2
20070404,2007-04-04,4,Wednesday,Miércoles,Mercredi,4,94,14,April,Abril,Avril,4,2,2007,1,4,2007,2
20070405,2007-04-05,5,Thursday,Jueves,Jeudi,5,95,14,April,Abril,Avril,4,2,2007,1,4,2007,2
20070406,2007-04-06,6,Friday,Viernes,Vendredi,6,96,14,April,Abril,Avril,4,2,2007,1,4,2007,2
20070407,2007-04-07,7,Saturday,Sábado,Samedi,7,97,14,April,Abril,Avril,4,2,2007,1,4,2007,2
20070408,2007-04-08,1,Sunday,Domingo,Dimanche,8,98,15,April,Abril,Avril,4,2,2007,1,4,2007,2
20070409,2007-04-09,2,Monday,Lunes,Lundi,9,99,15,April,Abril,Avril,4,2,2007,1,4,2007,2
20070410,2007-04-10,3,Tuesday,Martes,Mardi,10,100,15,April,Abril,Avril,4,2,2007,1,4,2007,2
20070411,2007-04-11,4,Wednesday,Miércoles,Mercredi,11,101,15,April,Abril,Avril,4,2,2007,1,4,2007,2
20070412,2007-04-12,5,Thursday,Jueves,Jeudi,12,102,15,April,Abril,Avril,4,2,2007,1,4,2007,2
20070413,2007-04-13,6,Friday,Viernes,Vendredi,13,103,15,April,Abril,Avril,4,2,2007,1,4,2007,2
20070414,2007-04-14,7,Saturday,Sábado,Samedi,14,104,15,April,Abril,Avril,4,2,2007,1,4,2007,2
20070415,2007-04-15,1,Sunday,Domingo,Dimanche,15,105,16,April,Abril,Avril,4,2,2007,1,4,2007,2
20070416,2007-04-16,2,Monday,Lunes,Lundi,16,106,16,April,Abril,Avril,4,2,2007,1,4,2007,2
20070417,2007-04-17,3,Tuesday,Martes,Mardi,17,107,16,April,Abril,Avril,4,2,2007,1,4,2007,2
20070418,2007-04-18,4,Wednesday,Miércoles,Mercredi,18,108,16,April,Abril,Avril,4,2,2007,1,4,2007,2
20070419,2007-04-19,5,Thursday,Jueves,Jeudi,19,109,16,April,Abril,Avril,4,2,2007,1,4,2007,2
20070420,2007-04-20,6,Friday,Viernes,Vendredi,20,110,16,April,Abril,Avril,4,2,2007,1,4,2007,2
20070421,2007-04-21,7,Saturday,Sábado,Samedi,21,111,16,April,Abril,Avril,4,2,2007,1,4,2007,2
20070422,2007-04-22,1,Sunday,Domingo,Dimanche,22,112,17,April,Abril,Avril,4,2,2007,1,4,2007,2
20070423,2007-04-23,2,Monday,Lunes,Lundi,23,113,17,April,Abril,Avril,4,2,2007,1,4,2007,2
20070424,2007-04-24,3,Tuesday,Martes,Mardi,24,114,17,April,Abril,Avril,4,2,2007,1,4,2007,2
20070425,2007-04-25,4,Wednesday,Miércoles,Mercredi,25,115,17,April,Abril,Avril,4,2,2007,1,4,2007,2
20070426,2007-04-26,5,Thursday,Jueves,Jeudi,26,116,17,April,Abril,Avril,4,2,2007,1,4,2007,2
20070427,2007-04-27,6,Friday,Viernes,Vendredi,27,117,17,April,Abril,Avril,4,2,2007,1,4,2007,2
20070428,2007-04-28,7,Saturday,Sábado,Samedi,28,118,17,April,Abril,Avril,4,2,2007,1,4,2007,2
20070429,2007-04-29,1,Sunday,Domingo,Dimanche,29,119,18,April,Abril,Avril,4,2,2007,1,4,2007,2
20070430,2007-04-30,2,Monday,Lunes,Lundi,30,120,18,April,Abril,Avril,4,2,2007,1,4,2007,2
20070501,2007-05-01,3,Tuesday,Martes,Mardi,1,121,18,May,Mayo,Mai,5,2,2007,1,4,2007,2
20070502,2007-05-02,4,Wednesday,Miércoles,Mercredi,2,122,18,May,Mayo,Mai,5,2,2007,1,4,2007,2
20070503,2007-05-03,5,Thursday,Jueves,Jeudi,3,123,18,May,Mayo,Mai,5,2,2007,1,4,2007,2
20070504,2007-05-04,6,Friday,Viernes,Vendredi,4,124,18,May,Mayo,Mai,5,2,2007,1,4,2007,2
20070505,2007-05-05,7,Saturday,Sábado,Samedi,5,125,18,May,Mayo,Mai,5,2,2007,1,4,2007,2
20070506,2007-05-06,1,Sunday,Domingo,Dimanche,6,126,19,May,Mayo,Mai,5,2,2007,1,4,2007,2
20070507,2007-05-07,2,Monday,Lunes,Lundi,7,127,19,May,Mayo,Mai,5,2,2007,1,4,2007,2
20070508,2007-05-08,3,Tuesday,Martes,Mardi,8,128,19,May,Mayo,Mai,5,2,2007,1,4,2007,2
20070509,2007-05-09,4,Wednesday,Miércoles,Mercredi,9,129,19,May,Mayo,Mai,5,2,2007,1,4,2007,2
20070510,2007-05-10,5,Thursday,Jueves,Jeudi,10,130,19,May,Mayo,Mai,5,2,2007,1,4,2007,2
20070511,2007-05-11,6,Friday,Viernes,Vendredi,11,131,19,May,Mayo,Mai,5,2,2007,1,4,2007,2
20070512,2007-05-12,7,Saturday,Sábado,Samedi,12,132,19,May,Mayo,Mai,5,2,2007,1,4,2007,2
20070513,2007-05-13,1,Sunday,Domingo,Dimanche,13,133,20,May,Mayo,Mai,5,2,2007,1,4,2007,2
20070514,2007-05-14,2,Monday,Lunes,Lundi,14,134,20,May,Mayo,Mai,5,2,2007,1,4,2007,2
20070515,2007-05-15,3,Tuesday,Martes,Mardi,15,135,20,May,Mayo,Mai,5,2,2007,1,4,2007,2
20070516,2007-05-16,4,Wednesday,Miércoles,Mercredi,16,136,20,May,Mayo,Mai,5,2,2007,1,4,2007,2
20070517,2007-05-17,5,Thursday,Jueves,Jeudi,17,137,20,May,Mayo,Mai,5,2,2007,1,4,2007,2
20070518,2007-05-18,6,Friday,Viernes,Vendredi,18,138,20,May,Mayo,Mai,5,2,2007,1,4,2007,2
20070519,2007-05-19,7,Saturday,Sábado,Samedi,19,139,20,May,Mayo,Mai,5,2,2007,1,4,2007,2
20070520,2007-05-20,1,Sunday,Domingo,Dimanche,20,140,21,May,Mayo,Mai,5,2,2007,1,4,2007,2
20070521,2007-05-21,2,Monday,Lunes,Lundi,21,141,21,May,Mayo,Mai,5,2,2007,1,4,2007,2
20070522,2007-05-22,3,Tuesday,Martes,Mardi,22,142,21,May,Mayo,Mai,5,2,2007,1,4,2007,2
20070523,2007-05-23,4,Wednesday,Miércoles,Mercredi,23,143,21,May,Mayo,Mai,5,2,2007,1,4,2007,2
20070524,2007-05-24,5,Thursday,Jueves,Jeudi,24,144,21,May,Mayo,Mai,5,2,2007,1,4,2007,2
20070525,2007-05-25,6,Friday,Viernes,Vendredi,25,145,21,May,Mayo,Mai,5,2,2007,1,4,2007,2
20070526,2007-05-26,7,Saturday,Sábado,Samedi,26,146,21,May,Mayo,Mai,5,2,2007,1,4,2007,2
20070527,2007-05-27,1,Sunday,Domingo,Dimanche,27,147,22,May,Mayo,Mai,5,2,2007,1,4,2007,2
20070528,2007-05-28,2,Monday,Lunes,Lundi,28,148,22,May,Mayo,Mai,5,2,2007,1,4,2007,2
20070529,2007-05-29,3,Tuesday,Martes,Mardi,29,149,22,May,Mayo,Mai,5,2,2007,1,4,2007,2
20070530,2007-05-30,4,Wednesday,Miércoles,Mercredi,30,150,22,May,Mayo,Mai,5,2,2007,1,4,2007,2
20070531,2007-05-31,5,Thursday,Jueves,Jeudi,31,151,22,May,Mayo,Mai,5,2,2007,1,4,2007,2
20070601,2007-06-01,6,Friday,Viernes,Vendredi,1,152,22,June,Junio,Juin,6,2,2007,1,4,2007,2
20070602,2007-06-02,7,Saturday,Sábado,Samedi,2,153,22,June,Junio,Juin,6,2,2007,1,4,2007,2
20070603,2007-06-03,1,Sunday,Domingo,Dimanche,3,154,23,June,Junio,Juin,6,2,2007,1,4,2007,2
20070604,2007-06-04,2,Monday,Lunes,Lundi,4,155,23,June,Junio,Juin,6,2,2007,1,4,2007,2
20070605,2007-06-05,3,Tuesday,Martes,Mardi,5,156,23,June,Junio,Juin,6,2,2007,1,4,2007,2
20070606,2007-06-06,4,Wednesday,Miércoles,Mercredi,6,157,23,June,Junio,Juin,6,2,2007,1,4,2007,2
20070607,2007-06-07,5,Thursday,Jueves,Jeudi,7,158,23,June,Junio,Juin,6,2,2007,1,4,2007,2
20070608,2007-06-08,6,Friday,Viernes,Vendredi,8,159,23,June,Junio,Juin,6,2,2007,1,4,2007,2
20070609,2007-06-09,7,Saturday,Sábado,Samedi,9,160,23,June,Junio,Juin,6,2,2007,1,4,2007,2
20070610,2007-06-10,1,Sunday,Domingo,Dimanche,10,161,24,June,Junio,Juin,6,2,2007,1,4,2007,2
20070611,2007-06-11,2,Monday,Lunes,Lundi,11,162,24,June,Junio,Juin,6,2,2007,1,4,2007,2
20070612,2007-06-12,3,Tuesday,Martes,Mardi,12,163,24,June,Junio,Juin,6,2,2007,1,4,2007,2
20070613,2007-06-13,4,Wednesday,Miércoles,Mercredi,13,164,24,June,Junio,Juin,6,2,2007,1,4,2007,2
20070614,2007-06-14,5,Thursday,Jueves,Jeudi,14,165,24,June,Junio,Juin,6,2,2007,1,4,2007,2
20070615,2007-06-15,6,Friday,Viernes,Vendredi,15,166,24,June,Junio,Juin,6,2,2007,1,4,2007,2
20070616,2007-06-16,7,Saturday,Sábado,Samedi,16,167,24,June,Junio,Juin,6,2,2007,1,4,2007,2
20070617,2007-06-17,1,Sunday,Domingo,Dimanche,17,168,25,June,Junio,Juin,6,2,2007,1,4,2007,2
20070618,2007-06-18,2,Monday,Lunes,Lundi,18,169,25,June,Junio,Juin,6,2,2007,1,4,2007,2
20070619,2007-06-19,3,Tuesday,Martes,Mardi,19,170,25,June,Junio,Juin,6,2,2007,1,4,2007,2
20070620,2007-06-20,4,Wednesday,Miércoles,Mercredi,20,171,25,June,Junio,Juin,6,2,2007,1,4,2007,2
20070621,2007-06-21,5,Thursday,Jueves,Jeudi,21,172,25,June,Junio,Juin,6,2,2007,1,4,2007,2
20070622,2007-06-22,6,Friday,Viernes,Vendredi,22,173,25,June,Junio,Juin,6,2,2007,1,4,2007,2
20070623,2007-06-23,7,Saturday,Sábado,Samedi,23,174,25,June,Junio,Juin,6,2,2007,1,4,2007,2
20070624,2007-06-24,1,Sunday,Domingo,Dimanche,24,175,26,June,Junio,Juin,6,2,2007,1,4,2007,2
20070625,2007-06-25,2,Monday,Lunes,Lundi,25,176,26,June,Junio,Juin,6,2,2007,1,4,2007,2
20070626,2007-06-26,3,Tuesday,Martes,Mardi,26,177,26,June,Junio,Juin,6,2,2007,1,4,2007,2
20070627,2007-06-27,4,Wednesday,Miércoles,Mercredi,27,178,26,June,Junio,Juin,6,2,2007,1,4,2007,2
20070628,2007-06-28,5,Thursday,Jueves,Jeudi,28,179,26,June,Junio,Juin,6,2,2007,1,4,2007,2
20070629,2007-06-29,6,Friday,Viernes,Vendredi,29,180,26,June,Junio,Juin,6,2,2007,1,4,2007,2
20070630,2007-06-30,7,Saturday,Sábado,Samedi,30,181,26,June,Junio,Juin,6,2,2007,1,4,2007,2
20070701,2007-07-01,1,Sunday,Domingo,Dimanche,1,182,27,July,Julio,Juillet,7,3,2007,2,1,2008,1
20070702,2007-07-02,2,Monday,Lunes,Lundi,2,183,27,July,Julio,Juillet,7,3,2007,2,1,2008,1
20070703,2007-07-03,3,Tuesday,Martes,Mardi,3,184,27,July,Julio,Juillet,7,3,2007,2,1,2008,1
20070704,2007-07-04,4,Wednesday,Miércoles,Mercredi,4,185,27,July,Julio,Juillet,7,3,2007,2,1,2008,1
20070705,2007-07-05,5,Thursday,Jueves,Jeudi,5,186,27,July,Julio,Juillet,7,3,2007,2,1,2008,1
20070706,2007-07-06,6,Friday,Viernes,Vendredi,6,187,27,July,Julio,Juillet,7,3,2007,2,1,2008,1
20070707,2007-07-07,7,Saturday,Sábado,Samedi,7,188,27,July,Julio,Juillet,7,3,2007,2,1,2008,1
20070708,2007-07-08,1,Sunday,Domingo,Dimanche,8,189,28,July,Julio,Juillet,7,3,2007,2,1,2008,1
20070709,2007-07-09,2,Monday,Lunes,Lundi,9,190,28,July,Julio,Juillet,7,3,2007,2,1,2008,1
20070710,2007-07-10,3,Tuesday,Martes,Mardi,10,191,28,July,Julio,Juillet,7,3,2007,2,1,2008,1
20070711,2007-07-11,4,Wednesday,Miércoles,Mercredi,11,192,28,July,Julio,Juillet,7,3,2007,2,1,2008,1
20070712,2007-07-12,5,Thursday,Jueves,Jeudi,12,193,28,July,Julio,Juillet,7,3,2007,2,1,2008,1
20070713,2007-07-13,6,Friday,Viernes,Vendredi,13,194,28,July,Julio,Juillet,7,3,2007,2,1,2008,1
20070714,2007-07-14,7,Saturday,Sábado,Samedi,14,195,28,July,Julio,Juillet,7,3,2007,2,1,2008,1
20070715,2007-07-15,1,Sunday,Domingo,Dimanche,15,196,29,July,Julio,Juillet,7,3,2007,2,1,2008,1
20070716,2007-07-16,2,Monday,Lunes,Lundi,16,197,29,July,Julio,Juillet,7,3,2007,2,1,2008,1
20070717,2007-07-17,3,Tuesday,Martes,Mardi,17,198,29,July,Julio,Juillet,7,3,2007,2,1,2008,1
20070718,2007-07-18,4,Wednesday,Miércoles,Mercredi,18,199,29,July,Julio,Juillet,7,3,2007,2,1,2008,1
20070719,2007-07-19,5,Thursday,Jueves,Jeudi,19,200,29,July,Julio,Juillet,7,3,2007,2,1,2008,1
20070720,2007-07-20,6,Friday,Viernes,Vendredi,20,201,29,July,Julio,Juillet,7,3,2007,2,1,2008,1
20070721,2007-07-21,7,Saturday,Sábado,Samedi,21,202,29,July,Julio,Juillet,7,3,2007,2,1,2008,1
20070722,2007-07-22,1,Sunday,Domingo,Dimanche,22,203,30,July,Julio,Juillet,7,3,2007,2,1,2008,1
20070723,2007-07-23,2,Monday,Lunes,Lundi,23,204,30,July,Julio,Juillet,7,3,2007,2,1,2008,1
20070724,2007-07-24,3,Tuesday,Martes,Mardi,24,205,30,July,Julio,Juillet,7,3,2007,2,1,2008,1
20070725,2007-07-25,4,Wednesday,Miércoles,Mercredi,25,206,30,July,Julio,Juillet,7,3,2007,2,1,2008,1
20070726,2007-07-26,5,Thursday,Jueves,Jeudi,26,207,30,July,Julio,Juillet,7,3,2007,2,1,2008,1
20070727,2007-07-27,6,Friday,Viernes,Vendredi,27,208,30,July,Julio,Juillet,7,3,2007,2,1,2008,1
20070728,2007-07-28,7,Saturday,Sábado,Samedi,28,209,30,July,Julio,Juillet,7,3,2007,2,1,2008,1
20070729,2007-07-29,1,Sunday,Domingo,Dimanche,29,210,31,July,Julio,Juillet,7,3,2007,2,1,2008,1
20070730,2007-07-30,2,Monday,Lunes,Lundi,30,211,31,July,Julio,Juillet,7,3,2007,2,1,2008,1
20070731,2007-07-31,3,Tuesday,Martes,Mardi,31,212,31,July,Julio,Juillet,7,3,2007,2,1,2008,1
20070801,2007-08-01,4,Wednesday,Miércoles,Mercredi,1,213,31,August,Agosto,Août,8,3,2007,2,1,2008,1
20070802,2007-08-02,5,Thursday,Jueves,Jeudi,2,214,31,August,Agosto,Août,8,3,2007,2,1,2008,1
20070803,2007-08-03,6,Friday,Viernes,Vendredi,3,215,31,August,Agosto,Août,8,3,2007,2,1,2008,1
20070804,2007-08-04,7,Saturday,Sábado,Samedi,4,216,31,August,Agosto,Août,8,3,2007,2,1,2008,1
20070805,2007-08-05,1,Sunday,Domingo,Dimanche,5,217,32,August,Agosto,Août,8,3,2007,2,1,2008,1
20070806,2007-08-06,2,Monday,Lunes,Lundi,6,218,32,August,Agosto,Août,8,3,2007,2,1,2008,1
20070807,2007-08-07,3,Tuesday,Martes,Mardi,7,219,32,August,Agosto,Août,8,3,2007,2,1,2008,1
20070808,2007-08-08,4,Wednesday,Miércoles,Mercredi,8,220,32,August,Agosto,Août,8,3,2007,2,1,2008,1
20070809,2007-08-09,5,Thursday,Jueves,Jeudi,9,221,32,August,Agosto,Août,8,3,2007,2,1,2008,1
20070810,2007-08-10,6,Friday,Viernes,Vendredi,10,222,32,August,Agosto,Août,8,3,2007,2,1,2008,1
20070811,2007-08-11,7,Saturday,Sábado,Samedi,11,223,32,August,Agosto,Août,8,3,2007,2,1,2008,1
20070812,2007-08-12,1,Sunday,Domingo,Dimanche,12,224,33,August,Agosto,Août,8,3,2007,2,1,2008,1
20070813,2007-08-13,2,Monday,Lunes,Lundi,13,225,33,August,Agosto,Août,8,3,2007,2,1,2008,1
20070814,2007-08-14,3,Tuesday,Martes,Mardi,14,226,33,August,Agosto,Août,8,3,2007,2,1,2008,1
20070815,2007-08-15,4,Wednesday,Miércoles,Mercredi,15,227,33,August,Agosto,Août,8,3,2007,2,1,2008,1
20070816,2007-08-16,5,Thursday,Jueves,Jeudi,16,228,33,August,Agosto,Août,8,3,2007,2,1,2008,1
20070817,2007-08-17,6,Friday,Viernes,Vendredi,17,229,33,August,Agosto,Août,8,3,2007,2,1,2008,1
20070818,2007-08-18,7,Saturday,Sábado,Samedi,18,230,33,August,Agosto,Août,8,3,2007,2,1,2008,1
20070819,2007-08-19,1,Sunday,Domingo,Dimanche,19,231,34,August,Agosto,Août,8,3,2007,2,1,2008,1
20070820,2007-08-20,2,Monday,Lunes,Lundi,20,232,34,August,Agosto,Août,8,3,2007,2,1,2008,1
20070821,2007-08-21,3,Tuesday,Martes,Mardi,21,233,34,August,Agosto,Août,8,3,2007,2,1,2008,1
20070822,2007-08-22,4,Wednesday,Miércoles,Mercredi,22,234,34,August,Agosto,Août,8,3,2007,2,1,2008,1
20070823,2007-08-23,5,Thursday,Jueves,Jeudi,23,235,34,August,Agosto,Août,8,3,2007,2,1,2008,1
20070824,2007-08-24,6,Friday,Viernes,Vendredi,24,236,34,August,Agosto,Août,8,3,2007,2,1,2008,1
20070825,2007-08-25,7,Saturday,Sábado,Samedi,25,237,34,August,Agosto,Août,8,3,2007,2,1,2008,1
20070826,2007-08-26,1,Sunday,Domingo,Dimanche,26,238,35,August,Agosto,Août,8,3,2007,2,1,2008,1
20070827,2007-08-27,2,Monday,Lunes,Lundi,27,239,35,August,Agosto,Août,8,3,2007,2,1,2008,1
20070828,2007-08-28,3,Tuesday,Martes,Mardi,28,240,35,August,Agosto,Août,8,3,2007,2,1,2008,1
20070829,2007-08-29,4,Wednesday,Miércoles,Mercredi,29,241,35,August,Agosto,Août,8,3,2007,2,1,2008,1
20070830,2007-08-30,5,Thursday,Jueves,Jeudi,30,242,35,August,Agosto,Août,8,3,2007,2,1,2008,1
20070831,2007-08-31,6,Friday,Viernes,Vendredi,31,243,35,August,Agosto,Août,8,3,2007,2,1,2008,1
20070901,2007-09-01,7,Saturday,Sábado,Samedi,1,244,35,September,Septiembre,Septembre,9,3,2007,2,1,2008,1
20070902,2007-09-02,1,Sunday,Domingo,Dimanche,2,245,36,September,Septiembre,Septembre,9,3,2007,2,1,2008,1
20070903,2007-09-03,2,Monday,Lunes,Lundi,3,246,36,September,Septiembre,Septembre,9,3,2007,2,1,2008,1
20070904,2007-09-04,3,Tuesday,Martes,Mardi,4,247,36,September,Septiembre,Septembre,9,3,2007,2,1,2008,1
20070905,2007-09-05,4,Wednesday,Miércoles,Mercredi,5,248,36,September,Septiembre,Septembre,9,3,2007,2,1,2008,1
20070906,2007-09-06,5,Thursday,Jueves,Jeudi,6,249,36,September,Septiembre,Septembre,9,3,2007,2,1,2008,1
20070907,2007-09-07,6,Friday,Viernes,Vendredi,7,250,36,September,Septiembre,Septembre,9,3,2007,2,1,2008,1
20070908,2007-09-08,7,Saturday,Sábado,Samedi,8,251,36,September,Septiembre,Septembre,9,3,2007,2,1,2008,1
20070909,2007-09-09,1,Sunday,Domingo,Dimanche,9,252,37,September,Septiembre,Septembre,9,3,2007,2,1,2008,1
20070910,2007-09-10,2,Monday,Lunes,Lundi,10,253,37,September,Septiembre,Septembre,9,3,2007,2,1,2008,1
20070911,2007-09-11,3,Tuesday,Martes,Mardi,11,254,37,September,Septiembre,Septembre,9,3,2007,2,1,2008,1
20070912,2007-09-12,4,Wednesday,Miércoles,Mercredi,12,255,37,September,Septiembre,Septembre,9,3,2007,2,1,2008,1
20070913,2007-09-13,5,Thursday,Jueves,Jeudi,13,256,37,September,Septiembre,Septembre,9,3,2007,2,1,2008,1
20070914,2007-09-14,6,Friday,Viernes,Vendredi,14,257,37,September,Septiembre,Septembre,9,3,2007,2,1,2008,1
20070915,2007-09-15,7,Saturday,Sábado,Samedi,15,258,37,September,Septiembre,Septembre,9,3,2007,2,1,2008,1
20070916,2007-09-16,1,Sunday,Domingo,Dimanche,16,259,38,September,Septiembre,Septembre,9,3,2007,2,1,2008,1
20070917,2007-09-17,2,Monday,Lunes,Lundi,17,260,38,September,Septiembre,Septembre,9,3,2007,2,1,2008,1
20070918,2007-09-18,3,Tuesday,Martes,Mardi,18,261,38,September,Septiembre,Septembre,9,3,2007,2,1,2008,1
20070919,2007-09-19,4,Wednesday,Miércoles,Mercredi,19,262,38,September,Septiembre,Septembre,9,3,2007,2,1,2008,1
20070920,2007-09-20,5,Thursday,Jueves,Jeudi,20,263,38,September,Septiembre,Septembre,9,3,2007,2,1,2008,1
20070921,2007-09-21,6,Friday,Viernes,Vendredi,21,264,38,September,Septiembre,Septembre,9,3,2007,2,1,2008,1
20070922,2007-09-22,7,Saturday,Sábado,Samedi,22,265,38,September,Septiembre,Septembre,9,3,2007,2,1,2008,1
20070923,2007-09-23,1,Sunday,Domingo,Dimanche,23,266,39,September,Septiembre,Septembre,9,3,2007,2,1,2008,1
20070924,2007-09-24,2,Monday,Lunes,Lundi,24,267,39,September,Septiembre,Septembre,9,3,2007,2,1,2008,1
20070925,2007-09-25,3,Tuesday,Martes,Mardi,25,268,39,September,Septiembre,Septembre,9,3,2007,2,1,2008,1
20070926,2007-09-26,4,Wednesday,Miércoles,Mercredi,26,269,39,September,Septiembre,Septembre,9,3,2007,2,1,2008,1
20070927,2007-09-27,5,Thursday,Jueves,Jeudi,27,270,39,September,Septiembre,Septembre,9,3,2007,2,1,2008,1
